USE [CinemaARM];
GO
SET NOCOUNT ON;
SET XACT_ABORT ON;
BEGIN TRAN;

-- Очистка данных (в правильном порядке по внешним ключам)
DELETE FROM [dbo].[Payments];
DELETE FROM [dbo].[Tickets];
DELETE FROM [dbo].[MovieGenres];
DELETE FROM [dbo].[Sessions];
DELETE FROM [dbo].[Seats];
DELETE FROM [dbo].[Halls];
DELETE FROM [dbo].[Movies];
DELETE FROM [dbo].[Genres];
DELETE FROM [dbo].[Customers];
DELETE FROM [dbo].[Employees];
DELETE FROM [dbo].[Cinemas];
DELETE FROM [dbo].[__EFMigrationsHistory];

-- Сброс идентификаторов
DBCC CHECKIDENT ('dbo.Cinemas', RESEED, 0);
DBCC CHECKIDENT ('dbo.Customers', RESEED, 0);
DBCC CHECKIDENT ('dbo.Employees', RESEED, 0);
DBCC CHECKIDENT ('dbo.Genres', RESEED, 0);
DBCC CHECKIDENT ('dbo.Halls', RESEED, 0);
DBCC CHECKIDENT ('dbo.Movies', RESEED, 0);
DBCC CHECKIDENT ('dbo.Payments', RESEED, 0);
DBCC CHECKIDENT ('dbo.Seats', RESEED, 0);
DBCC CHECKIDENT ('dbo.Sessions', RESEED, 0);
DBCC CHECKIDENT ('dbo.Tickets', RESEED, 0);

-- EF Core migrations history (как в проекте)
INSERT INTO [dbo].[__EFMigrationsHistory] ([MigrationId], [ProductVersion]) VALUES
('20260204155710_Start', '9.0.10'),
('20260204160614_AddEmployee', '9.0.10'),
('20260204172232_ChangeType', '9.0.10');

SET IDENTITY_INSERT [dbo].[Cinemas] ON;
INSERT INTO [dbo].[Cinemas] ([Id],[Name],[Address]) VALUES
(1, N'Кинотеатр «Астра»', N'г. Москва, ул. Садовая, 15');
SET IDENTITY_INSERT [dbo].[Cinemas] OFF;

SET IDENTITY_INSERT [dbo].[Employees] ON;
INSERT INTO [dbo].[Employees] ([Id],[FullName],[Login],[PasswordHash],[Role],[IsActive]) VALUES
(1, N'Иванов Сергей Павлович', N'admin', N'JAvlGPq9JyTdtvBO6x2llnRI1+gxwIyPqCKAn3THIKk=', 1, 1),
(2, N'Петрова Анна Игоревна', N'operator1', N'E6k/mlUC5x7tgKgG+HvEQk4D5rDZCs1RPqnVYchTtzg=', 0, 1),
(3, N'Сидоров Максим Олегович', N'operator2', N'E6k/mlUC5x7tgKgG+HvEQk4D5rDZCs1RPqnVYchTtzg=', 0, 1),
(4, N'Кузнецов Артём Викторович', N'operator_old', N'E6k/mlUC5x7tgKgG+HvEQk4D5rDZCs1RPqnVYchTtzg=', 0, 0);
SET IDENTITY_INSERT [dbo].[Employees] OFF;

SET IDENTITY_INSERT [dbo].[Customers] ON;
INSERT INTO [dbo].[Customers] ([Id],[FullName],[Phone],[Email]) VALUES
(1, N'Смирнова Мария Алексеевна', 79990000001, N'user1@mail.ru'),
(2, N'Васильев Дмитрий Алексеевна', 79990000002, N'user2@mail.ru'),
(3, N'Попова Елена Игоревна', 79990000003, NULL),
(4, N'Новиков Илья Дмитриевич', 79990000004, N'user4@mail.ru'),
(5, N'Фёдорова Ольга Дмитриевич', 79990000005, N'user5@mail.ru'),
(6, N'Морозов Кирилл Дмитриевич', 79990000006, NULL),
(7, N'Волкова Алина Алексеевна', 79990000007, N'user7@mail.ru'),
(8, N'Алексеев Роман Петровна', 79990000008, N'user8@mail.ru'),
(9, N'Лебедева Дарья Алексеевна', 79990000009, NULL),
(10, N'Семёнов Павел Петровна', 79990000010, N'user10@mail.ru'),
(11, N'Егоров Никита Олегович', 79990000011, N'user11@mail.ru'),
(12, N'Павлова Ксения Алексеевна', 79990000012, NULL),
(13, N'Козлов Андрей Алексеевна', 79990000013, N'user13@mail.ru'),
(14, N'Степанова Полина Алексеевна', 79990000014, N'user14@mail.ru'),
(15, N'Николаев Денис Дмитриевич', 79990000015, NULL),
(16, N'Орлова Виктория Дмитриевич', 79990000016, N'user16@mail.ru'),
(17, N'Беляев Арсений Петровна', 79990000017, N'user17@mail.ru'),
(18, N'Тарасова Софья Петровна', 79990000018, NULL),
(19, N'Громов Тимур Алексеевна', 79990000019, N'user19@mail.ru'),
(20, N'Захарова Анастасия Петровна', 79990000020, N'user20@mail.ru'),
(21, N'Карпов Владислав Дмитриевич', 79990000021, NULL),
(22, N'Макарова Валерия Петровна', 79990000022, N'user22@mail.ru'),
(23, N'Ильин Михаил Олегович', 79990000023, N'user23@mail.ru'),
(24, N'Фролова Екатерина Дмитриевич', 79990000024, NULL),
(25, N'Гусев Матвей Олегович', 79990000025, N'user25@mail.ru');
SET IDENTITY_INSERT [dbo].[Customers] OFF;

SET IDENTITY_INSERT [dbo].[Genres] ON;
INSERT INTO [dbo].[Genres] ([Id],[Name]) VALUES
(1, N'Боевик'),
(2, N'Комедия'),
(3, N'Драма'),
(4, N'Фантастика'),
(5, N'Триллер'),
(6, N'Анимация'),
(7, N'Семейный'),
(8, N'Ужасы'),
(9, N'Романтика'),
(10, N'Документальный');
SET IDENTITY_INSERT [dbo].[Genres] OFF;

SET IDENTITY_INSERT [dbo].[Movies] ON;
INSERT INTO [dbo].[Movies] ([Id],[Title],[DurationMinutes],[AgeRestriction],[ReleaseDate],[Description]) VALUES
(1, N'Свет на экране', 118, 12, '2025-03-14T00:00:00', N'Драматическая история о выборе и цене успеха.'),
(2, N'Город будущего', 132, 12, '2026-01-10T00:00:00', N'Фантастический триллер о мегаполисе, где алгоритмы решают всё.'),
(3, N'Ночной рейс', 105, 16, '2025-11-22T00:00:00', N'Детективный триллер о пассажирах последнего самолёта.'),
(4, N'Смешной случай', 96, 6, '2025-06-01T00:00:00', N'Лёгкая комедия о том, как одно письмо меняет планы на лето.'),
(5, N'Лесные друзья', 88, 0, '2026-02-01T00:00:00', N'Семейная анимация про дружбу, смелость и приключения.'),
(6, N'Тень в коридоре', 110, 18, '2025-10-05T00:00:00', N'Хоррор о доме, который не отпускает своих гостей.'),
(7, N'Письма на ветру', 123, 12, '2025-09-19T00:00:00', N'Романтическая драма о любви на расстоянии.'),
(8, N'Код оператора', 114, 12, '2026-02-03T00:00:00', N'Технологичный боевик о кибератаке и людях, которые её остановят.'),
(9, N'Море внутри', 101, 6, '2025-07-11T00:00:00', N'Семейная история о путешествии к морю и важном разговоре.'),
(10, N'Честный репортаж', 90, 0, '2026-01-25T00:00:00', N'Документальный фильм о закулисье киноиндустрии.'),
(11, N'Погоня за временем', 128, 12, '2026-02-04T00:00:00', N'Фантастический боевик о петле времени и втором шансе.'),
(12, N'Сцена', 99, 12, '2025-12-12T00:00:00', N'Драма о театре, музыке и поиске своего голоса.');
SET IDENTITY_INSERT [dbo].[Movies] OFF;

SET IDENTITY_INSERT [dbo].[Halls] ON;
INSERT INTO [dbo].[Halls] ([Id],[CinemaId],[Name],[TotalSeats]) VALUES
(1, 1, N'Зал 1 (Стандарт)', 342),
(2, 1, N'Зал 2 (VIP)', 132),
(3, 1, N'Зал 3 (IMAX)', 322);
SET IDENTITY_INSERT [dbo].[Halls] OFF;

SET IDENTITY_INSERT [dbo].[Seats] ON;
INSERT INTO [dbo].[Seats] ([Id],[HallId],[Row],[Number]) VALUES
(1, 1, 2, 1),
(2, 1, 2, 2),
(3, 1, 2, 3),
(4, 1, 2, 4),
(5, 1, 2, 5),
(6, 1, 2, 6),
(7, 1, 2, 7),
(8, 1, 2, 8),
(9, 1, 2, 9),
(10, 1, 2, 12),
(11, 1, 2, 13),
(12, 1, 2, 14),
(13, 1, 2, 15),
(14, 1, 2, 16),
(15, 1, 2, 17),
(16, 1, 2, 18),
(17, 1, 2, 19),
(18, 1, 2, 20),
(19, 1, 3, 1),
(20, 1, 3, 2),
(21, 1, 3, 3),
(22, 1, 3, 4),
(23, 1, 3, 5),
(24, 1, 3, 6),
(25, 1, 3, 7),
(26, 1, 3, 8),
(27, 1, 3, 9),
(28, 1, 3, 12),
(29, 1, 3, 13),
(30, 1, 3, 14),
(31, 1, 3, 15),
(32, 1, 3, 16),
(33, 1, 3, 17),
(34, 1, 3, 18),
(35, 1, 3, 19),
(36, 1, 3, 20),
(37, 1, 4, 1),
(38, 1, 4, 2),
(39, 1, 4, 3),
(40, 1, 4, 4),
(41, 1, 4, 5),
(42, 1, 4, 6),
(43, 1, 4, 7),
(44, 1, 4, 8),
(45, 1, 4, 9),
(46, 1, 4, 12),
(47, 1, 4, 13),
(48, 1, 4, 14),
(49, 1, 4, 15),
(50, 1, 4, 16),
(51, 1, 4, 17),
(52, 1, 4, 18),
(53, 1, 4, 19),
(54, 1, 4, 20),
(55, 1, 5, 1),
(56, 1, 5, 2),
(57, 1, 5, 3),
(58, 1, 5, 4),
(59, 1, 5, 5),
(60, 1, 5, 6),
(61, 1, 5, 7),
(62, 1, 5, 8),
(63, 1, 5, 9),
(64, 1, 5, 12),
(65, 1, 5, 13),
(66, 1, 5, 14),
(67, 1, 5, 15),
(68, 1, 5, 16),
(69, 1, 5, 17),
(70, 1, 5, 18),
(71, 1, 5, 19),
(72, 1, 5, 20),
(73, 1, 6, 1),
(74, 1, 6, 2),
(75, 1, 6, 3),
(76, 1, 6, 4),
(77, 1, 6, 5),
(78, 1, 6, 6),
(79, 1, 6, 7),
(80, 1, 6, 8),
(81, 1, 6, 9),
(82, 1, 6, 12),
(83, 1, 6, 13),
(84, 1, 6, 14),
(85, 1, 6, 15),
(86, 1, 6, 16),
(87, 1, 6, 17),
(88, 1, 6, 18),
(89, 1, 6, 19),
(90, 1, 6, 20),
(91, 1, 7, 1),
(92, 1, 7, 2),
(93, 1, 7, 3),
(94, 1, 7, 4),
(95, 1, 7, 5),
(96, 1, 7, 6),
(97, 1, 7, 7),
(98, 1, 7, 8),
(99, 1, 7, 9),
(100, 1, 7, 12),
(101, 1, 7, 13),
(102, 1, 7, 14),
(103, 1, 7, 15),
(104, 1, 7, 16),
(105, 1, 7, 17),
(106, 1, 7, 18),
(107, 1, 7, 19),
(108, 1, 7, 20),
(109, 1, 8, 1),
(110, 1, 8, 2),
(111, 1, 8, 3),
(112, 1, 8, 4),
(113, 1, 8, 5),
(114, 1, 8, 6),
(115, 1, 8, 7),
(116, 1, 8, 8),
(117, 1, 8, 9),
(118, 1, 8, 12),
(119, 1, 8, 13),
(120, 1, 8, 14),
(121, 1, 8, 15),
(122, 1, 8, 16),
(123, 1, 8, 17),
(124, 1, 8, 18),
(125, 1, 8, 19),
(126, 1, 8, 20),
(127, 1, 9, 1),
(128, 1, 9, 2),
(129, 1, 9, 3),
(130, 1, 9, 4),
(131, 1, 9, 5),
(132, 1, 9, 6),
(133, 1, 9, 7),
(134, 1, 9, 8),
(135, 1, 9, 9),
(136, 1, 9, 12),
(137, 1, 9, 13),
(138, 1, 9, 14),
(139, 1, 9, 15),
(140, 1, 9, 16),
(141, 1, 9, 17),
(142, 1, 9, 18),
(143, 1, 9, 19),
(144, 1, 9, 20),
(145, 1, 10, 1),
(146, 1, 10, 2),
(147, 1, 10, 3),
(148, 1, 10, 4),
(149, 1, 10, 5),
(150, 1, 10, 6),
(151, 1, 10, 7),
(152, 1, 10, 8),
(153, 1, 10, 9),
(154, 1, 10, 12),
(155, 1, 10, 13),
(156, 1, 10, 14),
(157, 1, 10, 15),
(158, 1, 10, 16),
(159, 1, 10, 17),
(160, 1, 10, 18),
(161, 1, 10, 19),
(162, 1, 10, 20),
(163, 1, 11, 1),
(164, 1, 11, 2),
(165, 1, 11, 3),
(166, 1, 11, 4),
(167, 1, 11, 5),
(168, 1, 11, 6),
(169, 1, 11, 7),
(170, 1, 11, 8),
(171, 1, 11, 9),
(172, 1, 11, 12),
(173, 1, 11, 13),
(174, 1, 11, 14),
(175, 1, 11, 15),
(176, 1, 11, 16),
(177, 1, 11, 17),
(178, 1, 11, 18),
(179, 1, 11, 19),
(180, 1, 11, 20),
(181, 1, 12, 1),
(182, 1, 12, 2),
(183, 1, 12, 3),
(184, 1, 12, 4),
(185, 1, 12, 5),
(186, 1, 12, 6),
(187, 1, 12, 7),
(188, 1, 12, 8),
(189, 1, 12, 9),
(190, 1, 12, 12),
(191, 1, 12, 13),
(192, 1, 12, 14),
(193, 1, 12, 15),
(194, 1, 12, 16),
(195, 1, 12, 17),
(196, 1, 12, 18),
(197, 1, 12, 19),
(198, 1, 12, 20),
(199, 1, 13, 1),
(200, 1, 13, 2),
(201, 1, 13, 3),
(202, 1, 13, 4),
(203, 1, 13, 5),
(204, 1, 13, 6),
(205, 1, 13, 7),
(206, 1, 13, 8),
(207, 1, 13, 9),
(208, 1, 13, 12),
(209, 1, 13, 13),
(210, 1, 13, 14),
(211, 1, 13, 15),
(212, 1, 13, 16),
(213, 1, 13, 17),
(214, 1, 13, 18),
(215, 1, 13, 19),
(216, 1, 13, 20),
(217, 1, 14, 1),
(218, 1, 14, 2),
(219, 1, 14, 3),
(220, 1, 14, 4),
(221, 1, 14, 5),
(222, 1, 14, 6),
(223, 1, 14, 7),
(224, 1, 14, 8),
(225, 1, 14, 9),
(226, 1, 14, 12),
(227, 1, 14, 13),
(228, 1, 14, 14),
(229, 1, 14, 15),
(230, 1, 14, 16),
(231, 1, 14, 17),
(232, 1, 14, 18),
(233, 1, 14, 19),
(234, 1, 14, 20),
(235, 1, 15, 1),
(236, 1, 15, 2),
(237, 1, 15, 3),
(238, 1, 15, 4),
(239, 1, 15, 5),
(240, 1, 15, 6),
(241, 1, 15, 7),
(242, 1, 15, 8),
(243, 1, 15, 9),
(244, 1, 15, 12),
(245, 1, 15, 13),
(246, 1, 15, 14),
(247, 1, 15, 15),
(248, 1, 15, 16),
(249, 1, 15, 17),
(250, 1, 15, 18),
(251, 1, 15, 19),
(252, 1, 15, 20),
(253, 1, 16, 1),
(254, 1, 16, 2),
(255, 1, 16, 3),
(256, 1, 16, 4),
(257, 1, 16, 5),
(258, 1, 16, 6),
(259, 1, 16, 7),
(260, 1, 16, 8),
(261, 1, 16, 9),
(262, 1, 16, 12),
(263, 1, 16, 13),
(264, 1, 16, 14),
(265, 1, 16, 15),
(266, 1, 16, 16),
(267, 1, 16, 17),
(268, 1, 16, 18),
(269, 1, 16, 19),
(270, 1, 16, 20),
(271, 1, 17, 1),
(272, 1, 17, 2),
(273, 1, 17, 3),
(274, 1, 17, 4),
(275, 1, 17, 5),
(276, 1, 17, 6),
(277, 1, 17, 7),
(278, 1, 17, 8),
(279, 1, 17, 9),
(280, 1, 17, 12),
(281, 1, 17, 13),
(282, 1, 17, 14),
(283, 1, 17, 15),
(284, 1, 17, 16),
(285, 1, 17, 17),
(286, 1, 17, 18),
(287, 1, 17, 19),
(288, 1, 17, 20),
(289, 1, 18, 1),
(290, 1, 18, 2),
(291, 1, 18, 3),
(292, 1, 18, 4),
(293, 1, 18, 5),
(294, 1, 18, 6),
(295, 1, 18, 7),
(296, 1, 18, 8),
(297, 1, 18, 9),
(298, 1, 18, 12),
(299, 1, 18, 13),
(300, 1, 18, 14),
(301, 1, 18, 15),
(302, 1, 18, 16),
(303, 1, 18, 17),
(304, 1, 18, 18),
(305, 1, 18, 19),
(306, 1, 18, 20),
(307, 1, 19, 1),
(308, 1, 19, 2),
(309, 1, 19, 3),
(310, 1, 19, 4),
(311, 1, 19, 5),
(312, 1, 19, 6),
(313, 1, 19, 7),
(314, 1, 19, 8),
(315, 1, 19, 9),
(316, 1, 19, 12),
(317, 1, 19, 13),
(318, 1, 19, 14),
(319, 1, 19, 15),
(320, 1, 19, 16),
(321, 1, 19, 17),
(322, 1, 19, 18),
(323, 1, 19, 19),
(324, 1, 19, 20),
(325, 1, 20, 1),
(326, 1, 20, 2),
(327, 1, 20, 3),
(328, 1, 20, 4),
(329, 1, 20, 5),
(330, 1, 20, 6),
(331, 1, 20, 7),
(332, 1, 20, 8),
(333, 1, 20, 9),
(334, 1, 20, 12),
(335, 1, 20, 13),
(336, 1, 20, 14),
(337, 1, 20, 15),
(338, 1, 20, 16),
(339, 1, 20, 17),
(340, 1, 20, 18),
(341, 1, 20, 19),
(342, 1, 20, 20),
(343, 2, 4, 4),
(344, 2, 4, 5),
(345, 2, 4, 8),
(346, 2, 4, 13),
(347, 2, 4, 16),
(348, 2, 4, 17),
(349, 2, 5, 3),
(350, 2, 5, 4),
(351, 2, 5, 5),
(352, 2, 5, 6),
(353, 2, 5, 8),
(354, 2, 5, 9),
(355, 2, 5, 12),
(356, 2, 5, 13),
(357, 2, 5, 15),
(358, 2, 5, 16),
(359, 2, 5, 17),
(360, 2, 5, 18),
(361, 2, 6, 4),
(362, 2, 6, 5),
(363, 2, 6, 8),
(364, 2, 6, 13),
(365, 2, 6, 16),
(366, 2, 6, 17),
(367, 2, 7, 3),
(368, 2, 7, 4),
(369, 2, 7, 5),
(370, 2, 7, 6),
(371, 2, 7, 8),
(372, 2, 7, 9),
(373, 2, 7, 12),
(374, 2, 7, 13),
(375, 2, 7, 15),
(376, 2, 7, 16),
(377, 2, 7, 17),
(378, 2, 7, 18),
(379, 2, 8, 4),
(380, 2, 8, 5),
(381, 2, 8, 8),
(382, 2, 8, 13),
(383, 2, 8, 16),
(384, 2, 8, 17),
(385, 2, 9, 3),
(386, 2, 9, 4),
(387, 2, 9, 5),
(388, 2, 9, 6),
(389, 2, 9, 8),
(390, 2, 9, 9),
(391, 2, 9, 12),
(392, 2, 9, 13),
(393, 2, 9, 15),
(394, 2, 9, 16),
(395, 2, 9, 17),
(396, 2, 9, 18),
(397, 2, 10, 4),
(398, 2, 10, 5),
(399, 2, 10, 8),
(400, 2, 10, 13),
(401, 2, 10, 16),
(402, 2, 10, 17),
(403, 2, 11, 3),
(404, 2, 11, 4),
(405, 2, 11, 5),
(406, 2, 11, 6),
(407, 2, 11, 8),
(408, 2, 11, 9),
(409, 2, 11, 12),
(410, 2, 11, 13),
(411, 2, 11, 15),
(412, 2, 11, 16),
(413, 2, 11, 17),
(414, 2, 11, 18),
(415, 2, 12, 4),
(416, 2, 12, 5),
(417, 2, 12, 8),
(418, 2, 12, 13),
(419, 2, 12, 16),
(420, 2, 12, 17),
(421, 2, 13, 3),
(422, 2, 13, 4),
(423, 2, 13, 5),
(424, 2, 13, 6),
(425, 2, 13, 8),
(426, 2, 13, 9),
(427, 2, 13, 12),
(428, 2, 13, 13),
(429, 2, 13, 15),
(430, 2, 13, 16),
(431, 2, 13, 17),
(432, 2, 13, 18),
(433, 2, 14, 4),
(434, 2, 14, 5),
(435, 2, 14, 8),
(436, 2, 14, 13),
(437, 2, 14, 16),
(438, 2, 14, 17),
(439, 2, 15, 3),
(440, 2, 15, 4),
(441, 2, 15, 5),
(442, 2, 15, 6),
(443, 2, 15, 8),
(444, 2, 15, 9),
(445, 2, 15, 12),
(446, 2, 15, 13),
(447, 2, 15, 15),
(448, 2, 15, 16),
(449, 2, 15, 17),
(450, 2, 15, 18),
(451, 2, 16, 4),
(452, 2, 16, 5),
(453, 2, 16, 8),
(454, 2, 16, 13),
(455, 2, 16, 16),
(456, 2, 16, 17),
(457, 2, 17, 3),
(458, 2, 17, 4),
(459, 2, 17, 5),
(460, 2, 17, 6),
(461, 2, 17, 8),
(462, 2, 17, 9),
(463, 2, 17, 12),
(464, 2, 17, 13),
(465, 2, 17, 15),
(466, 2, 17, 16),
(467, 2, 17, 17),
(468, 2, 17, 18),
(469, 2, 18, 4),
(470, 2, 18, 5),
(471, 2, 18, 8),
(472, 2, 18, 13),
(473, 2, 18, 16),
(474, 2, 18, 17),
(475, 3, 2, 4),
(476, 3, 2, 5),
(477, 3, 2, 7),
(478, 3, 2, 8),
(479, 3, 2, 9),
(480, 3, 2, 10),
(481, 3, 2, 11),
(482, 3, 2, 12),
(483, 3, 2, 13),
(484, 3, 2, 14),
(485, 3, 2, 16),
(486, 3, 2, 17),
(487, 3, 3, 4),
(488, 3, 3, 5),
(489, 3, 3, 7),
(490, 3, 3, 8),
(491, 3, 3, 9),
(492, 3, 3, 10),
(493, 3, 3, 11),
(494, 3, 3, 12),
(495, 3, 3, 13),
(496, 3, 3, 14),
(497, 3, 3, 16),
(498, 3, 3, 17),
(499, 3, 4, 1),
(500, 3, 4, 2),
(501, 3, 4, 3),
(502, 3, 4, 4),
(503, 3, 4, 5),
(504, 3, 4, 7),
(505, 3, 4, 8),
(506, 3, 4, 9),
(507, 3, 4, 10),
(508, 3, 4, 11),
(509, 3, 4, 12),
(510, 3, 4, 13),
(511, 3, 4, 14),
(512, 3, 4, 16),
(513, 3, 4, 17),
(514, 3, 4, 18),
(515, 3, 4, 19),
(516, 3, 4, 20),
(517, 3, 5, 1),
(518, 3, 5, 2),
(519, 3, 5, 3),
(520, 3, 5, 4),
(521, 3, 5, 5),
(522, 3, 5, 7),
(523, 3, 5, 8),
(524, 3, 5, 9),
(525, 3, 5, 10),
(526, 3, 5, 11),
(527, 3, 5, 12),
(528, 3, 5, 13),
(529, 3, 5, 14),
(530, 3, 5, 16),
(531, 3, 5, 17),
(532, 3, 5, 18),
(533, 3, 5, 19),
(534, 3, 5, 20),
(535, 3, 6, 1),
(536, 3, 6, 2),
(537, 3, 6, 3),
(538, 3, 6, 4),
(539, 3, 6, 5),
(540, 3, 6, 7),
(541, 3, 6, 8),
(542, 3, 6, 9),
(543, 3, 6, 10),
(544, 3, 6, 11),
(545, 3, 6, 12),
(546, 3, 6, 13),
(547, 3, 6, 14),
(548, 3, 6, 16),
(549, 3, 6, 17),
(550, 3, 6, 18),
(551, 3, 6, 19),
(552, 3, 6, 20),
(553, 3, 7, 1),
(554, 3, 7, 2),
(555, 3, 7, 3),
(556, 3, 7, 4),
(557, 3, 7, 5),
(558, 3, 7, 7),
(559, 3, 7, 8),
(560, 3, 7, 9),
(561, 3, 7, 10),
(562, 3, 7, 11),
(563, 3, 7, 12),
(564, 3, 7, 13),
(565, 3, 7, 14),
(566, 3, 7, 16),
(567, 3, 7, 17),
(568, 3, 7, 18),
(569, 3, 7, 19),
(570, 3, 7, 20),
(571, 3, 8, 1),
(572, 3, 8, 2),
(573, 3, 8, 3),
(574, 3, 8, 4),
(575, 3, 8, 5),
(576, 3, 8, 7),
(577, 3, 8, 8),
(578, 3, 8, 9),
(579, 3, 8, 10),
(580, 3, 8, 11),
(581, 3, 8, 12),
(582, 3, 8, 13),
(583, 3, 8, 14),
(584, 3, 8, 16),
(585, 3, 8, 17),
(586, 3, 8, 18),
(587, 3, 8, 19),
(588, 3, 8, 20),
(589, 3, 9, 1),
(590, 3, 9, 2),
(591, 3, 9, 3),
(592, 3, 9, 4),
(593, 3, 9, 5),
(594, 3, 9, 7),
(595, 3, 9, 8),
(596, 3, 9, 9),
(597, 3, 9, 10),
(598, 3, 9, 11),
(599, 3, 9, 12),
(600, 3, 9, 13),
(601, 3, 9, 14),
(602, 3, 9, 16),
(603, 3, 9, 17),
(604, 3, 9, 18),
(605, 3, 9, 19),
(606, 3, 9, 20),
(607, 3, 10, 1),
(608, 3, 10, 2),
(609, 3, 10, 3),
(610, 3, 10, 4),
(611, 3, 10, 5),
(612, 3, 10, 7),
(613, 3, 10, 8),
(614, 3, 10, 9),
(615, 3, 10, 10),
(616, 3, 10, 11),
(617, 3, 10, 12),
(618, 3, 10, 13),
(619, 3, 10, 14),
(620, 3, 10, 16),
(621, 3, 10, 17),
(622, 3, 10, 18),
(623, 3, 10, 19),
(624, 3, 10, 20),
(625, 3, 11, 1),
(626, 3, 11, 2),
(627, 3, 11, 3),
(628, 3, 11, 4),
(629, 3, 11, 5),
(630, 3, 11, 7),
(631, 3, 11, 8),
(632, 3, 11, 9),
(633, 3, 11, 10),
(634, 3, 11, 11),
(635, 3, 11, 12),
(636, 3, 11, 13),
(637, 3, 11, 14),
(638, 3, 11, 16),
(639, 3, 11, 17),
(640, 3, 11, 18),
(641, 3, 11, 19),
(642, 3, 11, 20),
(643, 3, 12, 1),
(644, 3, 12, 2),
(645, 3, 12, 3),
(646, 3, 12, 4),
(647, 3, 12, 5),
(648, 3, 12, 7),
(649, 3, 12, 8),
(650, 3, 12, 9),
(651, 3, 12, 10),
(652, 3, 12, 11),
(653, 3, 12, 12),
(654, 3, 12, 13),
(655, 3, 12, 14),
(656, 3, 12, 16),
(657, 3, 12, 17),
(658, 3, 12, 18),
(659, 3, 12, 19),
(660, 3, 12, 20),
(661, 3, 13, 1),
(662, 3, 13, 2),
(663, 3, 13, 3),
(664, 3, 13, 4),
(665, 3, 13, 5),
(666, 3, 13, 7),
(667, 3, 13, 8),
(668, 3, 13, 9),
(669, 3, 13, 10),
(670, 3, 13, 11),
(671, 3, 13, 12),
(672, 3, 13, 13),
(673, 3, 13, 14),
(674, 3, 13, 16),
(675, 3, 13, 17),
(676, 3, 13, 18),
(677, 3, 13, 19),
(678, 3, 13, 20),
(679, 3, 14, 1),
(680, 3, 14, 2),
(681, 3, 14, 3),
(682, 3, 14, 4),
(683, 3, 14, 5),
(684, 3, 14, 7),
(685, 3, 14, 8),
(686, 3, 14, 9),
(687, 3, 14, 10),
(688, 3, 14, 11),
(689, 3, 14, 12),
(690, 3, 14, 13),
(691, 3, 14, 14),
(692, 3, 14, 16),
(693, 3, 14, 17),
(694, 3, 14, 18),
(695, 3, 14, 19),
(696, 3, 14, 20),
(697, 3, 15, 1),
(698, 3, 15, 2),
(699, 3, 15, 3),
(700, 3, 15, 4),
(701, 3, 15, 5),
(702, 3, 15, 7),
(703, 3, 15, 8),
(704, 3, 15, 9),
(705, 3, 15, 10),
(706, 3, 15, 11),
(707, 3, 15, 12),
(708, 3, 15, 13),
(709, 3, 15, 14),
(710, 3, 15, 16),
(711, 3, 15, 17),
(712, 3, 15, 18),
(713, 3, 15, 19),
(714, 3, 15, 20),
(715, 3, 16, 1),
(716, 3, 16, 2),
(717, 3, 16, 3),
(718, 3, 16, 4),
(719, 3, 16, 5),
(720, 3, 16, 7),
(721, 3, 16, 8),
(722, 3, 16, 9),
(723, 3, 16, 10),
(724, 3, 16, 11),
(725, 3, 16, 12),
(726, 3, 16, 13),
(727, 3, 16, 14),
(728, 3, 16, 16),
(729, 3, 16, 17),
(730, 3, 16, 18),
(731, 3, 16, 19),
(732, 3, 16, 20),
(733, 3, 17, 1),
(734, 3, 17, 2),
(735, 3, 17, 3),
(736, 3, 17, 4),
(737, 3, 17, 5),
(738, 3, 17, 7),
(739, 3, 17, 8),
(740, 3, 17, 9),
(741, 3, 17, 10),
(742, 3, 17, 11),
(743, 3, 17, 12),
(744, 3, 17, 13),
(745, 3, 17, 14),
(746, 3, 17, 16),
(747, 3, 17, 17),
(748, 3, 17, 18),
(749, 3, 17, 19),
(750, 3, 17, 20),
(751, 3, 18, 1),
(752, 3, 18, 2),
(753, 3, 18, 3),
(754, 3, 18, 4),
(755, 3, 18, 5),
(756, 3, 18, 7),
(757, 3, 18, 8),
(758, 3, 18, 9),
(759, 3, 18, 10),
(760, 3, 18, 11),
(761, 3, 18, 12),
(762, 3, 18, 13),
(763, 3, 18, 14),
(764, 3, 18, 16),
(765, 3, 18, 17),
(766, 3, 18, 18),
(767, 3, 18, 19),
(768, 3, 18, 20),
(769, 3, 19, 3),
(770, 3, 19, 4),
(771, 3, 19, 5),
(772, 3, 19, 7),
(773, 3, 19, 8),
(774, 3, 19, 9),
(775, 3, 19, 10),
(776, 3, 19, 11),
(777, 3, 19, 12),
(778, 3, 19, 13),
(779, 3, 19, 14),
(780, 3, 19, 16),
(781, 3, 19, 17),
(782, 3, 19, 18),
(783, 3, 20, 3),
(784, 3, 20, 4),
(785, 3, 20, 5),
(786, 3, 20, 7),
(787, 3, 20, 8),
(788, 3, 20, 9),
(789, 3, 20, 10),
(790, 3, 20, 11),
(791, 3, 20, 12),
(792, 3, 20, 13),
(793, 3, 20, 14),
(794, 3, 20, 16),
(795, 3, 20, 17),
(796, 3, 20, 18);
SET IDENTITY_INSERT [dbo].[Seats] OFF;

SET IDENTITY_INSERT [dbo].[Sessions] ON;
INSERT INTO [dbo].[Sessions] ([Id],[MovieId],[HallId],[StartTime],[BasePrice]) VALUES
(1, 1, 1, '2026-02-05T10:30:00', 350.00),
(2, 2, 1, '2026-02-05T13:30:00', 350.00),
(3, 3, 1, '2026-02-05T16:30:00', 350.00),
(4, 4, 1, '2026-02-05T19:30:00', 350.00),
(5, 5, 1, '2026-02-05T22:30:00', 350.00),
(6, 6, 2, '2026-02-05T11:00:00', 550.00),
(7, 7, 2, '2026-02-05T14:00:00', 550.00),
(8, 8, 2, '2026-02-05T17:00:00', 550.00),
(9, 9, 2, '2026-02-05T20:00:00', 550.00),
(10, 10, 3, '2026-02-05T10:00:00', 650.00),
(11, 11, 3, '2026-02-05T13:00:00', 650.00),
(12, 12, 3, '2026-02-05T16:00:00', 650.00),
(13, 1, 3, '2026-02-05T19:00:00', 650.00),
(14, 2, 3, '2026-02-05T22:00:00', 650.00),
(15, 3, 1, '2026-02-06T10:30:00', 350.00),
(16, 4, 1, '2026-02-06T13:30:00', 350.00),
(17, 5, 1, '2026-02-06T16:30:00', 350.00),
(18, 6, 1, '2026-02-06T19:30:00', 350.00),
(19, 7, 1, '2026-02-06T22:30:00', 350.00),
(20, 8, 2, '2026-02-06T11:00:00', 550.00),
(21, 9, 2, '2026-02-06T14:00:00', 550.00),
(22, 10, 2, '2026-02-06T17:00:00', 550.00),
(23, 11, 2, '2026-02-06T20:00:00', 550.00),
(24, 12, 3, '2026-02-06T10:00:00', 650.00),
(25, 1, 3, '2026-02-06T13:00:00', 650.00),
(26, 2, 3, '2026-02-06T16:00:00', 650.00),
(27, 3, 3, '2026-02-06T19:00:00', 650.00),
(28, 4, 3, '2026-02-06T22:00:00', 650.00),
(29, 5, 1, '2026-02-07T10:30:00', 350.00),
(30, 6, 1, '2026-02-07T13:30:00', 350.00),
(31, 7, 1, '2026-02-07T16:30:00', 350.00),
(32, 8, 1, '2026-02-07T19:30:00', 350.00),
(33, 9, 1, '2026-02-07T22:30:00', 350.00),
(34, 10, 2, '2026-02-07T11:00:00', 550.00),
(35, 11, 2, '2026-02-07T14:00:00', 550.00),
(36, 12, 2, '2026-02-07T17:00:00', 550.00),
(37, 1, 2, '2026-02-07T20:00:00', 550.00),
(38, 2, 3, '2026-02-07T10:00:00', 650.00),
(39, 3, 3, '2026-02-07T13:00:00', 650.00),
(40, 4, 3, '2026-02-07T16:00:00', 650.00),
(41, 5, 3, '2026-02-07T19:00:00', 650.00),
(42, 6, 3, '2026-02-07T22:00:00', 650.00);
SET IDENTITY_INSERT [dbo].[Sessions] OFF;

INSERT INTO [dbo].[MovieGenres] ([MovieId],[GenreId]) VALUES
(1, 3),
(2, 4),
(2, 5),
(3, 5),
(4, 2),
(5, 6),
(5, 7),
(6, 8),
(6, 5),
(7, 9),
(7, 3),
(8, 1),
(8, 5),
(9, 7),
(9, 3),
(10, 10),
(11, 1),
(11, 4),
(12, 3);

SET IDENTITY_INSERT [dbo].[Tickets] ON;
INSERT INTO [dbo].[Tickets] ([Id],[SessionId],[SeatId],[CustomerId],[Price],[Status],[SaleTime],[EmployeeId]) VALUES
(1, 1, 302, 12, 350.00, 1, '2026-02-05T09:59:00', 3),
(2, 1, 143, 4, 350.00, 1, '2026-02-05T09:50:00', 3),
(3, 1, 4, 12, 350.00, 1, '2026-02-05T09:53:00', 2),
(4, 1, 82, 25, 350.00, 1, '2026-02-05T09:50:00', 3),
(5, 1, 217, 13, 350.00, 1, '2026-02-05T08:14:00', 3),
(6, 1, 175, 12, 350.00, 1, '2026-02-05T09:17:00', 3),
(7, 1, 80, 20, 350.00, 1, '2026-02-05T07:54:00', 2),
(8, 1, 111, 15, 350.00, 1, '2026-02-05T09:01:00', 3),
(9, 1, 173, 25, 350.00, 1, '2026-02-05T09:12:00', 2),
(10, 1, 53, 13, 350.00, 1, '2026-02-05T09:54:00', 3),
(11, 1, 48, 23, 350.00, 1, '2026-02-05T09:16:00', 3),
(12, 1, 195, 21, 350.00, 1, '2026-02-05T09:34:00', 3),
(13, 1, 50, 8, 350.00, 0, '2026-02-04T08:45:00', 3),
(14, 1, 184, 19, 350.00, 0, '2026-02-04T09:06:00', 3),
(15, 2, 205, 3, 350.00, 1, '2026-02-05T11:33:00', 3),
(16, 2, 186, 9, 350.00, 1, '2026-02-05T12:41:00', 2),
(17, 2, 113, 4, 350.00, 1, '2026-02-05T11:19:00', 3),
(18, 2, 71, 1, 350.00, 1, '2026-02-05T11:02:00', 3),
(19, 2, 261, 4, 350.00, 1, '2026-02-05T11:01:00', 3),
(20, 2, 253, 12, 350.00, 1, '2026-02-05T10:52:00', 2),
(21, 2, 47, 11, 350.00, 1, '2026-02-05T13:06:00', 3),
(22, 2, 25, 10, 350.00, 1, '2026-02-05T12:56:00', 2),
(23, 2, 57, 3, 350.00, 1, '2026-02-05T11:06:00', 2),
(24, 2, 79, 25, 350.00, 1, '2026-02-05T12:38:00', 2),
(25, 2, 322, 6, 350.00, 1, '2026-02-05T10:55:00', 3),
(26, 2, 82, 18, 350.00, 1, '2026-02-05T11:51:00', 2),
(27, 2, 217, 15, 350.00, 0, '2026-02-04T13:05:00', 3),
(28, 2, 306, 8, 350.00, 0, '2026-02-04T13:12:00', 2),
(29, 3, 174, 8, 350.00, 1, '2026-02-05T14:06:00', 3),
(30, 3, 11, 5, 350.00, 1, '2026-02-05T15:08:00', 3),
(31, 3, 302, 7, 350.00, 1, '2026-02-05T15:46:00', 2),
(32, 3, 284, 14, 350.00, 1, '2026-02-05T14:11:00', 3),
(33, 3, 118, 2, 350.00, 1, '2026-02-05T14:44:00', 3),
(34, 3, 113, 7, 350.00, 1, '2026-02-05T13:53:00', 2),
(35, 3, 4, 14, 350.00, 1, '2026-02-05T14:59:00', 2),
(36, 3, 37, 3, 350.00, 1, '2026-02-05T13:50:00', 3),
(37, 3, 324, 21, 350.00, 1, '2026-02-05T15:47:00', 2),
(38, 3, 31, 14, 350.00, 1, '2026-02-05T14:07:00', 3),
(39, 3, 35, 2, 350.00, 1, '2026-02-05T14:33:00', 2),
(40, 3, 17, 9, 350.00, 1, '2026-02-05T14:57:00', 3),
(41, 3, 170, 22, 350.00, 0, '2026-02-04T16:01:00', 3),
(42, 3, 264, 7, 350.00, 0, '2026-02-04T15:53:00', 3),
(43, 4, 30, 3, 350.00, 1, '2026-02-05T18:10:00', 2),
(44, 4, 297, 19, 350.00, 1, '2026-02-05T16:42:00', 2),
(45, 4, 278, 3, 350.00, 1, '2026-02-05T16:41:00', 3),
(46, 4, 32, 7, 350.00, 1, '2026-02-05T18:09:00', 3),
(47, 4, 161, 5, 350.00, 1, '2026-02-05T17:13:00', 3),
(48, 4, 26, 1, 350.00, 1, '2026-02-05T16:31:00', 3),
(49, 4, 300, 18, 350.00, 1, '2026-02-05T17:01:00', 2),
(50, 4, 245, 12, 350.00, 1, '2026-02-05T18:08:00', 2),
(51, 4, 258, 6, 350.00, 1, '2026-02-05T16:51:00', 3),
(52, 4, 272, 21, 350.00, 1, '2026-02-05T16:49:00', 2),
(53, 4, 81, 5, 350.00, 1, '2026-02-05T18:41:00', 3),
(54, 4, 261, 5, 350.00, 1, '2026-02-05T17:58:00', 3),
(55, 4, 42, 7, 350.00, 0, '2026-02-04T18:16:00', 3),
(56, 4, 96, 16, 350.00, 0, '2026-02-04T17:32:00', 3),
(57, 5, 27, 18, 350.00, 1, '2026-02-05T21:42:00', 2),
(58, 5, 48, 18, 350.00, 1, '2026-02-05T20:36:00', 2),
(59, 5, 325, 5, 350.00, 1, '2026-02-05T20:52:00', 2),
(60, 5, 217, 12, 350.00, 1, '2026-02-05T21:07:00', 2),
(61, 5, 142, 25, 350.00, 1, '2026-02-05T19:32:00', 3),
(62, 5, 23, 6, 350.00, 1, '2026-02-05T20:25:00', 2),
(63, 5, 2, 24, 350.00, 1, '2026-02-05T20:25:00', 3),
(64, 5, 171, 6, 350.00, 1, '2026-02-05T20:33:00', 2),
(65, 5, 67, 8, 350.00, 1, '2026-02-05T20:13:00', 2),
(66, 5, 327, 8, 350.00, 1, '2026-02-05T22:04:00', 2),
(67, 5, 135, 11, 350.00, 1, '2026-02-05T21:53:00', 3),
(68, 5, 83, 21, 350.00, 1, '2026-02-05T19:53:00', 3),
(69, 5, 227, 4, 350.00, 0, '2026-02-04T21:58:00', 3),
(70, 5, 283, 19, 350.00, 0, '2026-02-04T22:16:00', 3),
(71, 5, 219, 4, 350.00, 2, '2026-02-03T21:36:00', 3),
(72, 6, 423, 12, 550.00, 1, '2026-02-05T10:23:00', 3),
(73, 6, 454, 11, 550.00, 1, '2026-02-05T09:24:00', 2),
(74, 6, 473, 11, 550.00, 1, '2026-02-05T09:25:00', 3),
(75, 6, 372, 14, 550.00, 1, '2026-02-05T09:56:00', 3),
(76, 6, 441, 18, 550.00, 1, '2026-02-05T09:23:00', 2),
(77, 6, 391, 14, 550.00, 1, '2026-02-05T08:41:00', 3),
(78, 6, 408, 22, 550.00, 1, '2026-02-05T08:30:00', 2),
(79, 6, 354, 22, 550.00, 1, '2026-02-05T09:28:00', 2),
(80, 6, 343, 25, 550.00, 0, '2026-02-04T09:24:00', 2),
(81, 6, 393, 10, 550.00, 0, '2026-02-04T09:07:00', 2),
(82, 7, 393, 23, 550.00, 1, '2026-02-05T11:34:00', 3),
(83, 7, 380, 5, 550.00, 1, '2026-02-05T13:13:00', 2),
(84, 7, 349, 6, 550.00, 1, '2026-02-05T13:28:00', 3),
(85, 7, 354, 15, 550.00, 1, '2026-02-05T11:42:00', 2),
(86, 7, 405, 20, 550.00, 1, '2026-02-05T11:20:00', 3),
(87, 7, 464, 24, 550.00, 1, '2026-02-05T11:45:00', 3),
(88, 7, 361, 21, 550.00, 1, '2026-02-05T11:27:00', 3),
(89, 7, 459, 9, 550.00, 1, '2026-02-05T13:21:00', 3),
(90, 7, 449, 9, 550.00, 0, '2026-02-04T13:10:00', 3),
(91, 7, 392, 18, 550.00, 0, '2026-02-04T13:33:00', 2),
(92, 8, 381, 14, 550.00, 1, '2026-02-05T15:48:00', 2),
(93, 8, 402, 25, 550.00, 1, '2026-02-05T14:13:00', 2),
(94, 8, 441, 1, 550.00, 1, '2026-02-05T15:24:00', 3),
(95, 8, 382, 18, 550.00, 1, '2026-02-05T14:36:00', 2),
(96, 8, 397, 14, 550.00, 1, '2026-02-05T16:33:00', 3),
(97, 8, 359, 22, 550.00, 1, '2026-02-05T15:58:00', 3),
(98, 8, 449, 20, 550.00, 1, '2026-02-05T15:00:00', 2),
(99, 8, 447, 21, 550.00, 1, '2026-02-05T16:06:00', 3),
(100, 8, 427, 2, 550.00, 0, '2026-02-04T16:02:00', 3),
(101, 8, 462, 11, 550.00, 0, '2026-02-04T15:52:00', 2),
(102, 9, 426, 12, 550.00, 1, '2026-02-05T19:23:00', 2),
(103, 9, 429, 8, 550.00, 1, '2026-02-05T19:35:00', 2),
(104, 9, 440, 5, 550.00, 1, '2026-02-05T19:11:00', 3),
(105, 9, 414, 23, 550.00, 1, '2026-02-05T18:06:00', 3),
(106, 9, 450, 20, 550.00, 1, '2026-02-05T18:59:00', 2),
(107, 9, 407, 19, 550.00, 1, '2026-02-05T18:21:00', 2),
(108, 9, 363, 23, 550.00, 1, '2026-02-05T19:21:00', 2),
(109, 9, 463, 23, 550.00, 1, '2026-02-05T17:07:00', 3),
(110, 9, 347, 2, 550.00, 0, '2026-02-04T18:42:00', 3),
(111, 9, 356, 14, 550.00, 0, '2026-02-04T19:42:00', 3),
(112, 10, 734, 15, 650.00, 1, '2026-02-05T07:09:00', 3),
(113, 10, 649, 8, 650.00, 1, '2026-02-05T08:29:00', 2),
(114, 10, 481, 25, 650.00, 1, '2026-02-05T07:15:00', 3),
(115, 10, 690, 1, 650.00, 1, '2026-02-05T08:17:00', 3),
(116, 10, 725, 7, 650.00, 1, '2026-02-05T08:34:00', 3),
(117, 10, 529, 20, 650.00, 1, '2026-02-05T07:18:00', 3),
(118, 10, 696, 7, 650.00, 1, '2026-02-05T08:39:00', 2),
(119, 10, 660, 18, 650.00, 1, '2026-02-05T07:39:00', 2),
(120, 10, 710, 1, 650.00, 1, '2026-02-05T08:25:00', 2),
(121, 10, 553, 23, 650.00, 1, '2026-02-05T08:22:00', 2),
(122, 10, 697, 18, 650.00, 1, '2026-02-05T07:52:00', 3),
(123, 10, 565, 23, 650.00, 1, '2026-02-05T08:31:00', 3),
(124, 10, 742, 8, 650.00, 1, '2026-02-05T08:51:00', 2),
(125, 10, 613, 24, 650.00, 1, '2026-02-05T08:51:00', 2),
(126, 10, 790, 9, 650.00, 0, '2026-02-04T09:38:00', 3),
(127, 10, 750, 7, 650.00, 0, '2026-02-04T09:21:00', 3),
(128, 10, 722, 12, 650.00, 2, '2026-02-03T09:12:00', 2),
(129, 11, 482, 11, 650.00, 1, '2026-02-05T12:27:00', 2),
(130, 11, 748, 4, 650.00, 1, '2026-02-05T10:58:00', 2),
(131, 11, 539, 19, 650.00, 1, '2026-02-05T12:02:00', 2),
(132, 11, 615, 10, 650.00, 1, '2026-02-05T11:37:00', 2),
(133, 11, 498, 25, 650.00, 1, '2026-02-05T10:05:00', 3),
(134, 11, 502, 13, 650.00, 1, '2026-02-05T10:47:00', 3),
(135, 11, 758, 14, 650.00, 1, '2026-02-05T10:15:00', 3),
(136, 11, 624, 24, 650.00, 1, '2026-02-05T11:47:00', 2),
(137, 11, 726, 22, 650.00, 1, '2026-02-05T12:00:00', 2),
(138, 11, 527, 18, 650.00, 1, '2026-02-05T12:00:00', 2),
(139, 11, 481, 15, 650.00, 1, '2026-02-05T11:26:00', 3),
(140, 11, 768, 10, 650.00, 1, '2026-02-05T10:44:00', 3),
(141, 11, 620, 9, 650.00, 1, '2026-02-05T10:52:00', 2),
(142, 11, 715, 8, 650.00, 1, '2026-02-05T11:32:00', 2),
(143, 11, 720, 2, 650.00, 0, '2026-02-04T11:09:00', 2),
(144, 11, 700, 10, 650.00, 0, '2026-02-04T11:54:00', 3),
(145, 12, 538, 1, 650.00, 1, '2026-02-05T14:42:00', 2),
(146, 12, 714, 19, 650.00, 1, '2026-02-05T14:56:00', 2),
(147, 12, 630, 21, 650.00, 1, '2026-02-05T14:29:00', 3),
(148, 12, 681, 14, 650.00, 1, '2026-02-05T15:17:00', 3),
(149, 12, 614, 14, 650.00, 1, '2026-02-05T14:18:00', 3),
(150, 12, 731, 11, 650.00, 1, '2026-02-05T13:34:00', 3),
(151, 12, 751, 25, 650.00, 1, '2026-02-05T13:44:00', 2),
(152, 12, 727, 9, 650.00, 1, '2026-02-05T15:11:00', 3),
(153, 12, 699, 1, 650.00, 1, '2026-02-05T13:55:00', 3),
(154, 12, 516, 17, 650.00, 1, '2026-02-05T13:01:00', 3),
(155, 12, 781, 25, 650.00, 1, '2026-02-05T14:48:00', 2),
(156, 12, 495, 5, 650.00, 1, '2026-02-05T13:48:00', 3),
(157, 12, 696, 1, 650.00, 1, '2026-02-05T15:00:00', 2),
(158, 12, 640, 1, 650.00, 1, '2026-02-05T15:17:00', 3),
(159, 12, 784, 15, 650.00, 0, '2026-02-04T14:28:00', 2),
(160, 12, 603, 5, 650.00, 0, '2026-02-04T14:19:00', 3),
(161, 13, 624, 25, 650.00, 1, '2026-02-05T17:13:00', 3),
(162, 13, 735, 10, 650.00, 1, '2026-02-05T16:10:00', 3),
(163, 13, 614, 15, 650.00, 1, '2026-02-05T17:12:00', 3),
(164, 13, 687, 25, 650.00, 1, '2026-02-05T16:44:00', 3),
(165, 13, 722, 23, 650.00, 1, '2026-02-05T16:14:00', 2),
(166, 13, 716, 25, 650.00, 1, '2026-02-05T18:29:00', 3),
(167, 13, 599, 23, 650.00, 1, '2026-02-05T17:02:00', 3),
(168, 13, 708, 2, 650.00, 1, '2026-02-05T16:32:00', 2),
(169, 13, 757, 15, 650.00, 1, '2026-02-05T16:26:00', 2),
(170, 13, 549, 24, 650.00, 1, '2026-02-05T16:56:00', 2),
(171, 13, 671, 16, 650.00, 1, '2026-02-05T17:14:00', 3),
(172, 13, 572, 11, 650.00, 1, '2026-02-05T17:19:00', 3),
(173, 13, 781, 2, 650.00, 1, '2026-02-05T17:40:00', 2),
(174, 13, 544, 24, 650.00, 1, '2026-02-05T16:49:00', 2),
(175, 13, 510, 15, 650.00, 0, '2026-02-04T17:22:00', 2),
(176, 13, 616, 10, 650.00, 0, '2026-02-04T18:45:00', 2),
(177, 14, 641, 13, 650.00, 1, '2026-02-05T19:33:00', 2),
(178, 14, 503, 15, 650.00, 1, '2026-02-05T19:43:00', 3),
(179, 14, 625, 15, 650.00, 1, '2026-02-05T19:21:00', 3),
(180, 14, 658, 15, 650.00, 1, '2026-02-05T19:10:00', 3),
(181, 14, 666, 23, 650.00, 1, '2026-02-05T19:44:00', 3),
(182, 14, 695, 13, 650.00, 1, '2026-02-05T21:13:00', 3),
(183, 14, 549, 19, 650.00, 1, '2026-02-05T19:13:00', 3),
(184, 14, 600, 1, 650.00, 1, '2026-02-05T20:30:00', 3),
(185, 14, 746, 22, 650.00, 1, '2026-02-05T19:05:00', 2),
(186, 14, 685, 25, 650.00, 1, '2026-02-05T19:05:00', 2),
(187, 14, 764, 21, 650.00, 1, '2026-02-05T19:02:00', 2),
(188, 14, 567, 21, 650.00, 1, '2026-02-05T19:00:00', 2),
(189, 14, 562, 15, 650.00, 1, '2026-02-05T19:12:00', 2),
(190, 14, 564, 3, 650.00, 1, '2026-02-05T20:17:00', 3),
(191, 14, 515, 7, 650.00, 0, '2026-02-04T20:10:00', 2),
(192, 14, 787, 18, 650.00, 0, '2026-02-04T20:43:00', 3),
(193, 15, 257, 3, 350.00, 1, '2026-02-06T10:07:00', 3),
(194, 15, 140, 4, 350.00, 1, '2026-02-06T08:36:00', 3),
(195, 15, 85, 13, 350.00, 1, '2026-02-06T09:43:00', 3),
(196, 15, 132, 1, 350.00, 1, '2026-02-06T07:34:00', 3),
(197, 15, 247, 21, 350.00, 1, '2026-02-06T08:53:00', 3),
(198, 15, 152, 5, 350.00, 1, '2026-02-06T10:01:00', 2),
(199, 15, 174, 4, 350.00, 1, '2026-02-06T09:10:00', 2),
(200, 15, 59, 15, 350.00, 1, '2026-02-06T07:52:00', 3),
(201, 15, 240, 24, 350.00, 1, '2026-02-06T08:24:00', 2),
(202, 15, 39, 20, 350.00, 1, '2026-02-06T08:59:00', 3),
(203, 15, 73, 7, 350.00, 1, '2026-02-06T08:17:00', 3),
(204, 15, 116, 4, 350.00, 1, '2026-02-06T07:51:00', 3),
(205, 15, 204, 13, 350.00, 0, '2026-02-05T09:56:00', 3),
(206, 15, 286, 4, 350.00, 0, '2026-02-05T10:09:00', 3),
(207, 15, 188, 22, 350.00, 2, '2026-02-04T08:58:00', 2),
(208, 16, 328, 8, 350.00, 1, '2026-02-06T12:33:00', 3),
(209, 16, 306, 5, 350.00, 1, '2026-02-06T10:52:00', 2),
(210, 16, 11, 4, 350.00, 1, '2026-02-06T12:37:00', 2),
(211, 16, 26, 8, 350.00, 1, '2026-02-06T13:06:00', 3),
(212, 16, 171, 2, 350.00, 1, '2026-02-06T11:23:00', 2),
(213, 16, 125, 16, 350.00, 1, '2026-02-06T11:38:00', 3),
(214, 16, 65, 17, 350.00, 1, '2026-02-06T10:33:00', 2),
(215, 16, 290, 10, 350.00, 1, '2026-02-06T13:03:00', 3),
(216, 16, 106, 13, 350.00, 1, '2026-02-06T12:43:00', 3),
(217, 16, 36, 3, 350.00, 1, '2026-02-06T11:48:00', 2),
(218, 16, 284, 5, 350.00, 1, '2026-02-06T10:31:00', 3),
(219, 16, 107, 20, 350.00, 1, '2026-02-06T11:14:00', 3),
(220, 16, 301, 23, 350.00, 0, '2026-02-05T11:31:00', 2),
(221, 16, 111, 21, 350.00, 0, '2026-02-05T12:25:00', 2),
(222, 17, 232, 22, 350.00, 1, '2026-02-06T15:53:00', 3),
(223, 17, 117, 3, 350.00, 1, '2026-02-06T15:46:00', 3),
(224, 17, 212, 18, 350.00, 1, '2026-02-06T13:40:00', 2),
(225, 17, 174, 14, 350.00, 1, '2026-02-06T14:22:00', 3),
(226, 17, 233, 20, 350.00, 1, '2026-02-06T14:40:00', 3),
(227, 17, 205, 17, 350.00, 1, '2026-02-06T15:31:00', 2),
(228, 17, 213, 4, 350.00, 1, '2026-02-06T13:48:00', 3),
(229, 17, 49, 25, 350.00, 1, '2026-02-06T13:44:00', 3),
(230, 17, 161, 18, 350.00, 1, '2026-02-06T13:35:00', 2),
(231, 17, 219, 6, 350.00, 1, '2026-02-06T14:51:00', 3),
(232, 17, 341, 1, 350.00, 1, '2026-02-06T15:34:00', 2),
(233, 17, 131, 5, 350.00, 1, '2026-02-06T15:47:00', 2),
(234, 17, 192, 14, 350.00, 0, '2026-02-05T15:37:00', 3),
(235, 17, 79, 6, 350.00, 0, '2026-02-05T15:41:00', 3),
(236, 18, 167, 16, 350.00, 1, '2026-02-06T17:24:00', 3),
(237, 18, 291, 25, 350.00, 1, '2026-02-06T17:42:00', 2),
(238, 18, 306, 10, 350.00, 1, '2026-02-06T16:56:00', 3),
(239, 18, 44, 8, 350.00, 1, '2026-02-06T16:37:00', 3),
(240, 18, 27, 7, 350.00, 1, '2026-02-06T18:16:00', 3),
(241, 18, 80, 10, 350.00, 1, '2026-02-06T18:40:00', 3),
(242, 18, 81, 24, 350.00, 1, '2026-02-06T18:26:00', 3),
(243, 18, 317, 18, 350.00, 1, '2026-02-06T17:02:00', 2),
(244, 18, 26, 13, 350.00, 1, '2026-02-06T17:19:00', 2),
(245, 18, 42, 3, 350.00, 1, '2026-02-06T16:43:00', 3),
(246, 18, 140, 13, 350.00, 1, '2026-02-06T17:56:00', 3),
(247, 18, 227, 1, 350.00, 1, '2026-02-06T18:27:00', 3),
(248, 18, 339, 3, 350.00, 0, '2026-02-05T17:32:00', 3),
(249, 18, 218, 4, 350.00, 0, '2026-02-05T18:25:00', 2),
(250, 19, 302, 17, 350.00, 1, '2026-02-06T20:41:00', 2),
(251, 19, 206, 8, 350.00, 1, '2026-02-06T21:33:00', 2),
(252, 19, 269, 6, 350.00, 1, '2026-02-06T21:51:00', 2),
(253, 19, 41, 15, 350.00, 1, '2026-02-06T19:46:00', 3),
(254, 19, 203, 5, 350.00, 1, '2026-02-06T21:53:00', 3),
(255, 19, 159, 21, 350.00, 1, '2026-02-06T21:00:00', 3),
(256, 19, 174, 17, 350.00, 1, '2026-02-06T20:51:00', 2),
(257, 19, 114, 2, 350.00, 1, '2026-02-06T20:36:00', 2),
(258, 19, 171, 21, 350.00, 1, '2026-02-06T19:33:00', 2),
(259, 19, 87, 19, 350.00, 1, '2026-02-06T20:15:00', 2),
(260, 19, 40, 20, 350.00, 1, '2026-02-06T20:02:00', 3),
(261, 19, 262, 15, 350.00, 1, '2026-02-06T20:43:00', 2),
(262, 19, 325, 21, 350.00, 0, '2026-02-05T22:15:00', 2),
(263, 19, 59, 8, 350.00, 0, '2026-02-05T21:24:00', 3),
(264, 20, 383, 4, 550.00, 1, '2026-02-06T09:28:00', 3),
(265, 20, 436, 5, 550.00, 1, '2026-02-06T10:20:00', 3),
(266, 20, 438, 10, 550.00, 1, '2026-02-06T10:07:00', 3),
(267, 20, 415, 18, 550.00, 1, '2026-02-06T09:16:00', 3),
(268, 20, 442, 3, 550.00, 1, '2026-02-06T08:30:00', 3),
(269, 20, 447, 12, 550.00, 1, '2026-02-06T09:54:00', 3),
(270, 20, 429, 25, 550.00, 1, '2026-02-06T09:51:00', 3),
(271, 20, 356, 5, 550.00, 1, '2026-02-06T09:25:00', 2),
(272, 20, 428, 25, 550.00, 0, '2026-02-05T09:26:00', 2),
(273, 20, 359, 11, 550.00, 0, '2026-02-05T09:34:00', 2),
(274, 20, 427, 13, 550.00, 2, '2026-02-04T10:30:00', 2),
(275, 21, 389, 8, 550.00, 1, '2026-02-06T12:21:00', 2),
(276, 21, 385, 12, 550.00, 1, '2026-02-06T11:42:00', 3),
(277, 21, 455, 17, 550.00, 1, '2026-02-06T12:59:00', 3),
(278, 21, 354, 5, 550.00, 1, '2026-02-06T13:27:00', 3),
(279, 21, 448, 18, 550.00, 1, '2026-02-06T11:28:00', 2),
(280, 21, 436, 3, 550.00, 1, '2026-02-06T12:31:00', 2),
(281, 21, 403, 5, 550.00, 1, '2026-02-06T13:17:00', 3),
(282, 21, 456, 12, 550.00, 1, '2026-02-06T11:54:00', 2),
(283, 21, 415, 17, 550.00, 0, '2026-02-05T13:20:00', 3),
(284, 21, 457, 13, 550.00, 0, '2026-02-05T13:03:00', 2),
(285, 22, 400, 23, 550.00, 1, '2026-02-06T14:40:00', 2),
(286, 22, 350, 1, 550.00, 1, '2026-02-06T16:36:00', 2),
(287, 22, 424, 5, 550.00, 1, '2026-02-06T16:12:00', 3),
(288, 22, 368, 10, 550.00, 1, '2026-02-06T16:28:00', 2),
(289, 22, 428, 21, 550.00, 1, '2026-02-06T16:24:00', 3),
(290, 22, 380, 20, 550.00, 1, '2026-02-06T14:29:00', 2),
(291, 22, 378, 10, 550.00, 1, '2026-02-06T16:40:00', 3),
(292, 22, 352, 19, 550.00, 1, '2026-02-06T15:53:00', 3),
(293, 22, 416, 12, 550.00, 0, '2026-02-05T15:43:00', 2),
(294, 22, 463, 18, 550.00, 0, '2026-02-05T16:01:00', 2),
(295, 23, 463, 24, 550.00, 1, '2026-02-06T17:12:00', 2),
(296, 23, 354, 2, 550.00, 1, '2026-02-06T17:21:00', 3),
(297, 23, 442, 25, 550.00, 1, '2026-02-06T17:38:00', 3),
(298, 23, 438, 3, 550.00, 1, '2026-02-06T19:31:00', 3),
(299, 23, 407, 2, 550.00, 1, '2026-02-06T19:30:00', 2),
(300, 23, 347, 17, 550.00, 1, '2026-02-06T17:21:00', 3),
(301, 23, 434, 2, 550.00, 1, '2026-02-06T18:27:00', 2),
(302, 23, 360, 21, 550.00, 1, '2026-02-06T18:31:00', 3),
(303, 23, 431, 14, 550.00, 0, '2026-02-05T18:15:00', 3),
(304, 23, 404, 15, 550.00, 0, '2026-02-05T19:07:00', 3),
(305, 24, 570, 22, 650.00, 1, '2026-02-06T08:22:00', 3),
(306, 24, 729, 23, 650.00, 1, '2026-02-06T08:58:00', 3),
(307, 24, 663, 15, 650.00, 1, '2026-02-06T08:10:00', 2),
(308, 24, 740, 21, 650.00, 1, '2026-02-06T09:21:00', 2),
(309, 24, 611, 17, 650.00, 1, '2026-02-06T09:33:00', 2),
(310, 24, 517, 22, 650.00, 1, '2026-02-06T09:32:00', 3),
(311, 24, 692, 8, 650.00, 1, '2026-02-06T08:08:00', 3),
(312, 24, 515, 2, 650.00, 1, '2026-02-06T07:45:00', 2),
(313, 24, 695, 15, 650.00, 1, '2026-02-06T07:14:00', 2),
(314, 24, 783, 12, 650.00, 1, '2026-02-06T08:20:00', 3),
(315, 24, 567, 4, 650.00, 1, '2026-02-06T08:53:00', 2),
(316, 24, 754, 13, 650.00, 1, '2026-02-06T08:33:00', 2),
(317, 24, 625, 7, 650.00, 1, '2026-02-06T07:35:00', 3),
(318, 24, 639, 5, 650.00, 1, '2026-02-06T07:45:00', 2),
(319, 24, 527, 3, 650.00, 0, '2026-02-05T08:25:00', 3),
(320, 24, 642, 12, 650.00, 0, '2026-02-05T08:40:00', 2),
(321, 25, 752, 12, 650.00, 1, '2026-02-06T10:19:00', 3),
(322, 25, 623, 3, 650.00, 1, '2026-02-06T11:21:00', 2),
(323, 25, 628, 17, 650.00, 1, '2026-02-06T10:56:00', 3),
(324, 25, 555, 11, 650.00, 1, '2026-02-06T10:45:00', 2),
(325, 25, 564, 12, 650.00, 1, '2026-02-06T10:19:00', 2),
(326, 25, 660, 14, 650.00, 1, '2026-02-06T12:09:00', 2),
(327, 25, 735, 6, 650.00, 1, '2026-02-06T11:18:00', 2),
(328, 25, 589, 17, 650.00, 1, '2026-02-06T12:20:00', 3),
(329, 25, 537, 21, 650.00, 1, '2026-02-06T12:08:00', 3),
(330, 25, 577, 18, 650.00, 1, '2026-02-06T10:32:00', 2),
(331, 25, 546, 19, 650.00, 1, '2026-02-06T11:57:00', 2),
(332, 25, 596, 2, 650.00, 1, '2026-02-06T12:20:00', 2),
(333, 25, 727, 9, 650.00, 1, '2026-02-06T10:14:00', 2),
(334, 25, 488, 21, 650.00, 1, '2026-02-06T10:33:00', 2),
(335, 25, 659, 16, 650.00, 0, '2026-02-05T11:07:00', 2),
(336, 25, 758, 22, 650.00, 0, '2026-02-05T12:12:00', 3),
(337, 25, 768, 15, 650.00, 2, '2026-02-04T11:22:00', 2),
(338, 26, 505, 17, 650.00, 1, '2026-02-06T14:19:00', 2),
(339, 26, 555, 4, 650.00, 1, '2026-02-06T13:45:00', 3),
(340, 26, 700, 4, 650.00, 1, '2026-02-06T14:26:00', 2),
(341, 26, 687, 14, 650.00, 1, '2026-02-06T15:00:00', 2),
(342, 26, 722, 24, 650.00, 1, '2026-02-06T14:52:00', 3),
(343, 26, 712, 17, 650.00, 1, '2026-02-06T13:33:00', 3),
(344, 26, 579, 1, 650.00, 1, '2026-02-06T14:00:00', 2),
(345, 26, 649, 7, 650.00, 1, '2026-02-06T15:28:00', 3),
(346, 26, 785, 16, 650.00, 1, '2026-02-06T14:27:00', 3),
(347, 26, 548, 14, 650.00, 1, '2026-02-06T14:33:00', 2),
(348, 26, 635, 12, 650.00, 1, '2026-02-06T13:58:00', 2),
(349, 26, 638, 18, 650.00, 1, '2026-02-06T14:08:00', 2),
(350, 26, 651, 13, 650.00, 1, '2026-02-06T13:20:00', 3),
(351, 26, 679, 22, 650.00, 1, '2026-02-06T15:08:00', 2),
(352, 26, 541, 12, 650.00, 0, '2026-02-05T14:39:00', 3),
(353, 26, 664, 12, 650.00, 0, '2026-02-05T15:25:00', 2),
(354, 27, 783, 11, 650.00, 1, '2026-02-06T17:59:00', 3),
(355, 27, 735, 24, 650.00, 1, '2026-02-06T16:09:00', 3),
(356, 27, 680, 17, 650.00, 1, '2026-02-06T16:16:00', 3),
(357, 27, 731, 1, 650.00, 1, '2026-02-06T17:16:00', 3),
(358, 27, 495, 19, 650.00, 1, '2026-02-06T18:34:00', 3),
(359, 27, 498, 21, 650.00, 1, '2026-02-06T18:27:00', 2),
(360, 27, 494, 17, 650.00, 1, '2026-02-06T18:03:00', 3),
(361, 27, 545, 19, 650.00, 1, '2026-02-06T17:52:00', 2),
(362, 27, 645, 11, 650.00, 1, '2026-02-06T18:02:00', 3),
(363, 27, 717, 14, 650.00, 1, '2026-02-06T18:25:00', 3),
(364, 27, 740, 7, 650.00, 1, '2026-02-06T16:38:00', 3),
(365, 27, 708, 6, 650.00, 1, '2026-02-06T16:24:00', 3),
(366, 27, 551, 12, 650.00, 1, '2026-02-06T16:04:00', 3),
(367, 27, 785, 8, 650.00, 1, '2026-02-06T16:18:00', 3),
(368, 27, 738, 10, 650.00, 0, '2026-02-05T17:20:00', 3),
(369, 27, 546, 7, 650.00, 0, '2026-02-05T18:10:00', 3),
(370, 28, 720, 15, 650.00, 1, '2026-02-06T19:38:00', 3),
(371, 28, 653, 18, 650.00, 1, '2026-02-06T19:17:00', 3),
(372, 28, 761, 4, 650.00, 1, '2026-02-06T20:38:00', 2),
(373, 28, 615, 8, 650.00, 1, '2026-02-06T21:27:00', 2),
(374, 28, 622, 11, 650.00, 1, '2026-02-06T21:15:00', 3),
(375, 28, 537, 18, 650.00, 1, '2026-02-06T19:56:00', 2),
(376, 28, 768, 21, 650.00, 1, '2026-02-06T20:27:00', 2),
(377, 28, 753, 21, 650.00, 1, '2026-02-06T21:18:00', 2),
(378, 28, 669, 24, 650.00, 1, '2026-02-06T20:56:00', 2),
(379, 28, 677, 2, 650.00, 1, '2026-02-06T19:34:00', 3),
(380, 28, 651, 2, 650.00, 1, '2026-02-06T20:24:00', 2),
(381, 28, 549, 10, 650.00, 1, '2026-02-06T19:21:00', 3),
(382, 28, 623, 17, 650.00, 1, '2026-02-06T20:31:00', 3),
(383, 28, 496, 11, 650.00, 1, '2026-02-06T19:43:00', 2),
(384, 28, 515, 1, 650.00, 0, '2026-02-05T20:09:00', 3),
(385, 28, 652, 10, 650.00, 0, '2026-02-05T21:28:00', 2),
(386, 29, 313, 1, 350.00, 1, '2026-02-07T08:32:00', 3),
(387, 29, 328, 25, 350.00, 1, '2026-02-07T08:46:00', 3),
(388, 29, 208, 24, 350.00, 1, '2026-02-07T09:04:00', 2),
(389, 29, 219, 2, 350.00, 1, '2026-02-07T08:11:00', 2),
(390, 29, 264, 13, 350.00, 1, '2026-02-07T09:40:00', 3),
(391, 29, 168, 20, 350.00, 1, '2026-02-07T09:14:00', 2),
(392, 29, 45, 5, 350.00, 1, '2026-02-07T07:35:00', 3),
(393, 29, 206, 23, 350.00, 1, '2026-02-07T07:53:00', 3),
(394, 29, 49, 22, 350.00, 1, '2026-02-07T07:56:00', 2),
(395, 29, 95, 23, 350.00, 1, '2026-02-07T09:51:00', 3),
(396, 29, 72, 18, 350.00, 1, '2026-02-07T07:44:00', 2),
(397, 29, 245, 11, 350.00, 1, '2026-02-07T09:41:00', 3),
(398, 29, 166, 16, 350.00, 0, '2026-02-06T09:15:00', 2),
(399, 29, 128, 15, 350.00, 0, '2026-02-06T09:22:00', 2),
(400, 30, 68, 3, 350.00, 1, '2026-02-07T11:22:00', 2),
(401, 30, 263, 18, 350.00, 1, '2026-02-07T12:53:00', 2),
(402, 30, 213, 10, 350.00, 1, '2026-02-07T12:24:00', 3),
(403, 30, 234, 12, 350.00, 1, '2026-02-07T11:16:00', 3),
(404, 30, 289, 3, 350.00, 1, '2026-02-07T11:41:00', 2),
(405, 30, 30, 18, 350.00, 1, '2026-02-07T10:55:00', 3),
(406, 30, 287, 1, 350.00, 1, '2026-02-07T11:54:00', 2),
(407, 30, 237, 14, 350.00, 1, '2026-02-07T12:12:00', 3),
(408, 30, 158, 12, 350.00, 1, '2026-02-07T12:00:00', 2),
(409, 30, 12, 2, 350.00, 1, '2026-02-07T10:33:00', 3),
(410, 30, 203, 7, 350.00, 1, '2026-02-07T12:45:00', 2),
(411, 30, 131, 20, 350.00, 1, '2026-02-07T12:08:00', 2),
(412, 30, 2, 15, 350.00, 0, '2026-02-06T12:11:00', 2),
(413, 30, 112, 7, 350.00, 0, '2026-02-06T13:03:00', 2),
(414, 30, 297, 17, 350.00, 2, '2026-02-05T12:51:00', 3),
(415, 31, 295, 2, 350.00, 1, '2026-02-07T13:30:00', 2),
(416, 31, 164, 16, 350.00, 1, '2026-02-07T14:42:00', 2),
(417, 31, 296, 11, 350.00, 1, '2026-02-07T14:26:00', 3),
(418, 31, 307, 13, 350.00, 1, '2026-02-07T13:53:00', 2),
(419, 31, 165, 8, 350.00, 1, '2026-02-07T15:34:00', 3),
(420, 31, 122, 18, 350.00, 1, '2026-02-07T14:24:00', 3),
(421, 31, 155, 8, 350.00, 1, '2026-02-07T15:18:00', 3),
(422, 31, 74, 15, 350.00, 1, '2026-02-07T15:47:00', 3),
(423, 31, 339, 9, 350.00, 1, '2026-02-07T13:36:00', 3),
(424, 31, 267, 7, 350.00, 1, '2026-02-07T14:08:00', 2),
(425, 31, 114, 10, 350.00, 1, '2026-02-07T15:16:00', 2),
(426, 31, 212, 24, 350.00, 1, '2026-02-07T15:08:00', 3),
(427, 31, 154, 8, 350.00, 0, '2026-02-06T14:41:00', 3),
(428, 31, 141, 10, 350.00, 0, '2026-02-06T15:21:00', 3),
(429, 32, 274, 11, 350.00, 1, '2026-02-07T18:59:00', 3),
(430, 32, 333, 1, 350.00, 1, '2026-02-07T16:49:00', 3),
(431, 32, 184, 5, 350.00, 1, '2026-02-07T17:46:00', 2),
(432, 32, 158, 19, 350.00, 1, '2026-02-07T17:03:00', 2),
(433, 32, 134, 25, 350.00, 1, '2026-02-07T17:05:00', 3),
(434, 32, 185, 24, 350.00, 1, '2026-02-07T18:27:00', 3),
(435, 32, 263, 16, 350.00, 1, '2026-02-07T16:52:00', 2),
(436, 32, 255, 2, 350.00, 1, '2026-02-07T18:58:00', 2),
(437, 32, 239, 5, 350.00, 1, '2026-02-07T18:53:00', 2),
(438, 32, 51, 7, 350.00, 1, '2026-02-07T17:35:00', 3),
(439, 32, 241, 21, 350.00, 1, '2026-02-07T17:06:00', 3),
(440, 32, 164, 18, 350.00, 1, '2026-02-07T19:07:00', 3),
(441, 32, 105, 24, 350.00, 0, '2026-02-06T18:12:00', 3),
(442, 32, 190, 10, 350.00, 0, '2026-02-06T18:16:00', 2),
(443, 33, 221, 3, 350.00, 1, '2026-02-07T20:27:00', 3),
(444, 33, 92, 8, 350.00, 1, '2026-02-07T20:54:00', 2),
(445, 33, 55, 3, 350.00, 1, '2026-02-07T20:33:00', 3),
(446, 33, 50, 16, 350.00, 1, '2026-02-07T22:08:00', 2),
(447, 33, 269, 16, 350.00, 1, '2026-02-07T20:46:00', 3),
(448, 33, 77, 2, 350.00, 1, '2026-02-07T21:16:00', 2),
(449, 33, 124, 2, 350.00, 1, '2026-02-07T20:59:00', 2),
(450, 33, 99, 11, 350.00, 1, '2026-02-07T21:17:00', 2),
(451, 33, 318, 3, 350.00, 1, '2026-02-07T21:29:00', 3),
(452, 33, 270, 13, 350.00, 1, '2026-02-07T20:32:00', 3),
(453, 33, 130, 17, 350.00, 1, '2026-02-07T21:57:00', 3),
(454, 33, 182, 8, 350.00, 1, '2026-02-07T20:43:00', 2),
(455, 33, 137, 1, 350.00, 0, '2026-02-06T20:40:00', 3),
(456, 33, 204, 15, 350.00, 0, '2026-02-06T21:51:00', 3),
(457, 34, 434, 5, 550.00, 1, '2026-02-07T10:01:00', 3),
(458, 34, 439, 12, 550.00, 1, '2026-02-07T10:17:00', 2),
(459, 34, 453, 15, 550.00, 1, '2026-02-07T09:31:00', 3),
(460, 34, 390, 3, 550.00, 1, '2026-02-07T08:50:00', 2),
(461, 34, 440, 18, 550.00, 1, '2026-02-07T10:14:00', 3),
(462, 34, 364, 12, 550.00, 1, '2026-02-07T08:08:00', 2),
(463, 34, 418, 1, 550.00, 1, '2026-02-07T08:55:00', 3),
(464, 34, 406, 24, 550.00, 1, '2026-02-07T08:14:00', 2),
(465, 34, 361, 6, 550.00, 0, '2026-02-06T10:16:00', 2),
(466, 34, 411, 10, 550.00, 0, '2026-02-06T09:47:00', 3),
(467, 35, 380, 8, 550.00, 1, '2026-02-07T11:08:00', 3),
(468, 35, 359, 4, 550.00, 1, '2026-02-07T12:23:00', 2),
(469, 35, 385, 11, 550.00, 1, '2026-02-07T12:16:00', 3),
(470, 35, 454, 14, 550.00, 1, '2026-02-07T12:24:00', 2),
(471, 35, 413, 23, 550.00, 1, '2026-02-07T11:38:00', 2),
(472, 35, 450, 13, 550.00, 1, '2026-02-07T12:26:00', 3),
(473, 35, 419, 8, 550.00, 1, '2026-02-07T12:04:00', 3),
(474, 35, 466, 12, 550.00, 1, '2026-02-07T11:16:00', 2),
(475, 35, 362, 18, 550.00, 0, '2026-02-06T12:23:00', 2),
(476, 35, 435, 25, 550.00, 0, '2026-02-06T12:17:00', 2),
(477, 35, 407, 15, 550.00, 2, '2026-02-05T12:54:00', 2),
(478, 36, 417, 13, 550.00, 1, '2026-02-07T14:46:00', 2),
(479, 36, 360, 13, 550.00, 1, '2026-02-07T14:21:00', 3),
(480, 36, 447, 23, 550.00, 1, '2026-02-07T16:13:00', 2),
(481, 36, 470, 6, 550.00, 1, '2026-02-07T14:16:00', 2),
(482, 36, 378, 14, 550.00, 1, '2026-02-07T16:38:00', 2),
(483, 36, 420, 8, 550.00, 1, '2026-02-07T14:46:00', 2),
(484, 36, 404, 15, 550.00, 1, '2026-02-07T15:12:00', 2),
(485, 36, 407, 4, 550.00, 1, '2026-02-07T14:54:00', 3),
(486, 36, 382, 24, 550.00, 0, '2026-02-06T16:06:00', 2),
(487, 36, 451, 10, 550.00, 0, '2026-02-06T15:52:00', 3),
(488, 37, 395, 2, 550.00, 1, '2026-02-07T19:35:00', 2),
(489, 37, 466, 22, 550.00, 1, '2026-02-07T18:38:00', 2),
(490, 37, 432, 6, 550.00, 1, '2026-02-07T17:17:00', 3),
(491, 37, 464, 8, 550.00, 1, '2026-02-07T18:53:00', 3),
(492, 37, 367, 13, 550.00, 1, '2026-02-07T17:03:00', 2),
(493, 37, 455, 19, 550.00, 1, '2026-02-07T18:01:00', 3),
(494, 37, 458, 7, 550.00, 1, '2026-02-07T19:24:00', 3),
(495, 37, 424, 6, 550.00, 1, '2026-02-07T18:17:00', 3),
(496, 37, 360, 4, 550.00, 0, '2026-02-06T18:25:00', 3),
(497, 37, 419, 16, 550.00, 0, '2026-02-06T18:34:00', 3),
(498, 38, 673, 4, 650.00, 1, '2026-02-07T08:22:00', 2),
(499, 38, 787, 12, 650.00, 1, '2026-02-07T07:30:00', 2),
(500, 38, 675, 20, 650.00, 1, '2026-02-07T07:13:00', 2),
(501, 38, 775, 6, 650.00, 1, '2026-02-07T07:23:00', 3),
(502, 38, 533, 6, 650.00, 1, '2026-02-07T08:27:00', 3),
(503, 38, 653, 11, 650.00, 1, '2026-02-07T07:02:00', 3),
(504, 38, 655, 1, 650.00, 1, '2026-02-07T09:06:00', 3),
(505, 38, 709, 18, 650.00, 1, '2026-02-07T07:56:00', 3),
(506, 38, 791, 23, 650.00, 1, '2026-02-07T07:35:00', 3),
(507, 38, 563, 19, 650.00, 1, '2026-02-07T08:44:00', 2),
(508, 38, 627, 9, 650.00, 1, '2026-02-07T07:23:00', 2),
(509, 38, 789, 25, 650.00, 1, '2026-02-07T07:16:00', 3),
(510, 38, 777, 17, 650.00, 1, '2026-02-07T07:14:00', 2),
(511, 38, 518, 25, 650.00, 1, '2026-02-07T07:22:00', 3),
(512, 38, 543, 18, 650.00, 0, '2026-02-06T08:56:00', 2),
(513, 38, 635, 4, 650.00, 0, '2026-02-06T09:12:00', 2),
(514, 39, 491, 7, 650.00, 1, '2026-02-07T12:25:00', 2),
(515, 39, 705, 9, 650.00, 1, '2026-02-07T11:18:00', 2),
(516, 39, 609, 19, 650.00, 1, '2026-02-07T10:29:00', 3),
(517, 39, 653, 25, 650.00, 1, '2026-02-07T12:25:00', 3),
(518, 39, 519, 23, 650.00, 1, '2026-02-07T11:37:00', 2),
(519, 39, 699, 8, 650.00, 1, '2026-02-07T10:35:00', 3),
(520, 39, 535, 21, 650.00, 1, '2026-02-07T10:00:00', 3),
(521, 39, 596, 15, 650.00, 1, '2026-02-07T12:17:00', 2),
(522, 39, 582, 24, 650.00, 1, '2026-02-07T11:06:00', 3),
(523, 39, 776, 11, 650.00, 1, '2026-02-07T12:17:00', 2),
(524, 39, 654, 3, 650.00, 1, '2026-02-07T11:45:00', 3),
(525, 39, 787, 16, 650.00, 1, '2026-02-07T11:18:00', 3),
(526, 39, 694, 18, 650.00, 1, '2026-02-07T10:16:00', 2),
(527, 39, 559, 22, 650.00, 1, '2026-02-07T12:29:00', 2),
(528, 39, 790, 1, 650.00, 0, '2026-02-06T11:01:00', 2),
(529, 39, 546, 6, 650.00, 0, '2026-02-06T11:52:00', 3),
(530, 40, 475, 24, 650.00, 1, '2026-02-07T13:51:00', 2),
(531, 40, 694, 1, 650.00, 1, '2026-02-07T13:38:00', 2),
(532, 40, 578, 19, 650.00, 1, '2026-02-07T13:28:00', 2),
(533, 40, 542, 1, 650.00, 1, '2026-02-07T15:10:00', 3),
(534, 40, 629, 16, 650.00, 1, '2026-02-07T14:42:00', 2),
(535, 40, 556, 24, 650.00, 1, '2026-02-07T15:14:00', 2),
(536, 40, 615, 10, 650.00, 1, '2026-02-07T14:03:00', 2),
(537, 40, 522, 3, 650.00, 1, '2026-02-07T13:04:00', 2),
(538, 40, 659, 12, 650.00, 1, '2026-02-07T13:00:00', 2),
(539, 40, 603, 20, 650.00, 1, '2026-02-07T14:45:00', 3),
(540, 40, 517, 5, 650.00, 1, '2026-02-07T13:10:00', 2),
(541, 40, 665, 14, 650.00, 1, '2026-02-07T15:05:00', 3),
(542, 40, 559, 21, 650.00, 1, '2026-02-07T14:37:00', 2),
(543, 40, 501, 22, 650.00, 1, '2026-02-07T14:48:00', 3),
(544, 40, 677, 10, 650.00, 0, '2026-02-06T14:10:00', 2),
(545, 40, 795, 8, 650.00, 0, '2026-02-06T15:01:00', 3),
(546, 40, 631, 4, 650.00, 2, '2026-02-05T14:47:00', 2),
(547, 41, 779, 19, 650.00, 1, '2026-02-07T18:37:00', 2),
(548, 41, 511, 2, 650.00, 1, '2026-02-07T16:59:00', 2),
(549, 41, 745, 25, 650.00, 1, '2026-02-07T16:52:00', 3),
(550, 41, 481, 21, 650.00, 1, '2026-02-07T17:29:00', 2),
(551, 41, 659, 3, 650.00, 1, '2026-02-07T18:01:00', 2),
(552, 41, 637, 19, 650.00, 1, '2026-02-07T17:21:00', 2),
(553, 41, 542, 2, 650.00, 1, '2026-02-07T18:18:00', 2),
(554, 41, 673, 15, 650.00, 1, '2026-02-07T17:21:00', 2),
(555, 41, 766, 1, 650.00, 1, '2026-02-07T18:38:00', 2),
(556, 41, 690, 12, 650.00, 1, '2026-02-07T17:58:00', 3),
(557, 41, 662, 24, 650.00, 1, '2026-02-07T18:10:00', 3),
(558, 41, 754, 14, 650.00, 1, '2026-02-07T16:26:00', 3),
(559, 41, 563, 23, 650.00, 1, '2026-02-07T16:33:00', 2),
(560, 41, 716, 12, 650.00, 1, '2026-02-07T16:33:00', 2),
(561, 41, 512, 6, 650.00, 0, '2026-02-06T17:12:00', 3),
(562, 41, 483, 4, 650.00, 0, '2026-02-06T18:21:00', 2),
(563, 42, 735, 8, 650.00, 1, '2026-02-07T20:19:00', 3),
(564, 42, 476, 19, 650.00, 1, '2026-02-07T21:10:00', 3),
(565, 42, 497, 8, 650.00, 1, '2026-02-07T19:58:00', 2),
(566, 42, 481, 10, 650.00, 1, '2026-02-07T20:17:00', 3),
(567, 42, 600, 15, 650.00, 1, '2026-02-07T20:06:00', 2),
(568, 42, 498, 19, 650.00, 1, '2026-02-07T19:01:00', 3),
(569, 42, 716, 12, 650.00, 1, '2026-02-07T20:50:00', 3),
(570, 42, 661, 1, 650.00, 1, '2026-02-07T21:34:00', 3),
(571, 42, 671, 12, 650.00, 1, '2026-02-07T20:15:00', 2),
(572, 42, 551, 24, 650.00, 1, '2026-02-07T21:14:00', 3),
(573, 42, 566, 8, 650.00, 1, '2026-02-07T19:35:00', 3),
(574, 42, 493, 23, 650.00, 1, '2026-02-07T21:17:00', 3),
(575, 42, 758, 17, 650.00, 1, '2026-02-07T20:05:00', 3),
(576, 42, 689, 19, 650.00, 1, '2026-02-07T19:31:00', 2),
(577, 42, 589, 3, 650.00, 0, '2026-02-06T20:55:00', 2),
(578, 42, 639, 22, 650.00, 0, '2026-02-06T21:20:00', 2);
SET IDENTITY_INSERT [dbo].[Tickets] OFF;

SET IDENTITY_INSERT [dbo].[Payments] ON;
INSERT INTO [dbo].[Payments] ([Id],[TicketId],[PaymentMethod],[Amount],[PaymentTime]) VALUES
(1, 1, N'Наличные', 350.00, '2026-02-05T10:08:00'),
(2, 2, N'Наличные', 350.00, '2026-02-05T10:00:00'),
(3, 3, N'Карта', 350.00, '2026-02-05T09:57:00'),
(4, 4, N'Карта', 350.00, '2026-02-05T09:52:00'),
(5, 5, N'Наличные', 350.00, '2026-02-05T08:17:00'),
(6, 6, N'Наличные', 350.00, '2026-02-05T09:19:00'),
(7, 7, N'Карта', 350.00, '2026-02-05T07:57:00'),
(8, 8, N'Карта', 350.00, '2026-02-05T09:07:00'),
(9, 9, N'Карта', 350.00, '2026-02-05T09:18:00'),
(10, 10, N'Карта', 350.00, '2026-02-05T10:04:00'),
(11, 11, N'Наличные', 350.00, '2026-02-05T09:23:00'),
(12, 12, N'Наличные', 350.00, '2026-02-05T09:37:00'),
(13, 15, N'Наличные', 350.00, '2026-02-05T11:42:00'),
(14, 16, N'Наличные', 350.00, '2026-02-05T12:47:00'),
(15, 17, N'Карта', 350.00, '2026-02-05T11:27:00'),
(16, 18, N'Карта', 350.00, '2026-02-05T11:11:00'),
(17, 19, N'Карта', 350.00, '2026-02-05T11:04:00'),
(18, 20, N'Карта', 350.00, '2026-02-05T11:02:00'),
(19, 21, N'Карта', 350.00, '2026-02-05T13:12:00'),
(20, 22, N'Карта', 350.00, '2026-02-05T13:06:00'),
(21, 23, N'Карта', 350.00, '2026-02-05T11:15:00'),
(22, 24, N'Наличные', 350.00, '2026-02-05T12:47:00'),
(23, 25, N'Наличные', 350.00, '2026-02-05T10:59:00'),
(24, 26, N'Наличные', 350.00, '2026-02-05T11:57:00'),
(25, 29, N'Карта', 350.00, '2026-02-05T14:15:00'),
(26, 30, N'Наличные', 350.00, '2026-02-05T15:15:00'),
(27, 31, N'Наличные', 350.00, '2026-02-05T15:52:00'),
(28, 32, N'Карта', 350.00, '2026-02-05T14:13:00'),
(29, 33, N'Карта', 350.00, '2026-02-05T14:48:00'),
(30, 34, N'Наличные', 350.00, '2026-02-05T13:56:00'),
(31, 35, N'Наличные', 350.00, '2026-02-05T15:03:00'),
(32, 36, N'Карта', 350.00, '2026-02-05T13:51:00'),
(33, 37, N'Карта', 350.00, '2026-02-05T15:50:00'),
(34, 38, N'Карта', 350.00, '2026-02-05T14:14:00'),
(35, 39, N'Карта', 350.00, '2026-02-05T14:40:00'),
(36, 40, N'Наличные', 350.00, '2026-02-05T15:06:00'),
(37, 43, N'Наличные', 350.00, '2026-02-05T18:12:00'),
(38, 44, N'Карта', 350.00, '2026-02-05T16:52:00'),
(39, 45, N'Наличные', 350.00, '2026-02-05T16:46:00'),
(40, 46, N'Наличные', 350.00, '2026-02-05T18:16:00'),
(41, 47, N'Наличные', 350.00, '2026-02-05T17:15:00'),
(42, 48, N'Карта', 350.00, '2026-02-05T16:33:00'),
(43, 49, N'Наличные', 350.00, '2026-02-05T17:04:00'),
(44, 50, N'Наличные', 350.00, '2026-02-05T18:13:00'),
(45, 51, N'Наличные', 350.00, '2026-02-05T17:01:00'),
(46, 52, N'Наличные', 350.00, '2026-02-05T16:51:00'),
(47, 53, N'Карта', 350.00, '2026-02-05T18:50:00'),
(48, 54, N'Карта', 350.00, '2026-02-05T18:04:00'),
(49, 57, N'Карта', 350.00, '2026-02-05T21:45:00'),
(50, 58, N'Карта', 350.00, '2026-02-05T20:43:00'),
(51, 59, N'Наличные', 350.00, '2026-02-05T20:53:00'),
(52, 60, N'Карта', 350.00, '2026-02-05T21:13:00'),
(53, 61, N'Карта', 350.00, '2026-02-05T19:36:00'),
(54, 62, N'Карта', 350.00, '2026-02-05T20:28:00'),
(55, 63, N'Карта', 350.00, '2026-02-05T20:30:00'),
(56, 64, N'Карта', 350.00, '2026-02-05T20:41:00'),
(57, 65, N'Наличные', 350.00, '2026-02-05T20:18:00'),
(58, 66, N'Карта', 350.00, '2026-02-05T22:11:00'),
(59, 67, N'Наличные', 350.00, '2026-02-05T21:59:00'),
(60, 68, N'Наличные', 350.00, '2026-02-05T19:54:00'),
(61, 72, N'Наличные', 550.00, '2026-02-05T10:33:00'),
(62, 73, N'Наличные', 550.00, '2026-02-05T09:31:00'),
(63, 74, N'Карта', 550.00, '2026-02-05T09:29:00'),
(64, 75, N'Наличные', 550.00, '2026-02-05T10:03:00'),
(65, 76, N'Наличные', 550.00, '2026-02-05T09:27:00'),
(66, 77, N'Наличные', 550.00, '2026-02-05T08:49:00'),
(67, 78, N'Наличные', 550.00, '2026-02-05T08:33:00'),
(68, 79, N'Наличные', 550.00, '2026-02-05T09:30:00'),
(69, 82, N'Наличные', 550.00, '2026-02-05T11:38:00'),
(70, 83, N'Наличные', 550.00, '2026-02-05T13:17:00'),
(71, 84, N'Карта', 550.00, '2026-02-05T13:30:00'),
(72, 85, N'Наличные', 550.00, '2026-02-05T11:50:00'),
(73, 86, N'Наличные', 550.00, '2026-02-05T11:23:00'),
(74, 87, N'Наличные', 550.00, '2026-02-05T11:49:00'),
(75, 88, N'Наличные', 550.00, '2026-02-05T11:31:00'),
(76, 89, N'Наличные', 550.00, '2026-02-05T13:25:00'),
(77, 92, N'Наличные', 550.00, '2026-02-05T15:55:00'),
(78, 93, N'Наличные', 550.00, '2026-02-05T14:21:00'),
(79, 94, N'Наличные', 550.00, '2026-02-05T15:31:00'),
(80, 95, N'Карта', 550.00, '2026-02-05T14:41:00'),
(81, 96, N'Наличные', 550.00, '2026-02-05T16:39:00'),
(82, 97, N'Наличные', 550.00, '2026-02-05T16:01:00'),
(83, 98, N'Карта', 550.00, '2026-02-05T15:02:00'),
(84, 99, N'Наличные', 550.00, '2026-02-05T16:09:00'),
(85, 102, N'Карта', 550.00, '2026-02-05T19:24:00'),
(86, 103, N'Карта', 550.00, '2026-02-05T19:39:00'),
(87, 104, N'Карта', 550.00, '2026-02-05T19:19:00'),
(88, 105, N'Карта', 550.00, '2026-02-05T18:16:00'),
(89, 106, N'Наличные', 550.00, '2026-02-05T19:01:00'),
(90, 107, N'Наличные', 550.00, '2026-02-05T18:28:00'),
(91, 108, N'Карта', 550.00, '2026-02-05T19:23:00'),
(92, 109, N'Карта', 550.00, '2026-02-05T17:17:00'),
(93, 112, N'Наличные', 650.00, '2026-02-05T07:15:00'),
(94, 113, N'Наличные', 650.00, '2026-02-05T08:33:00'),
(95, 114, N'Наличные', 650.00, '2026-02-05T07:21:00'),
(96, 115, N'Карта', 650.00, '2026-02-05T08:25:00'),
(97, 116, N'Наличные', 650.00, '2026-02-05T08:39:00'),
(98, 117, N'Карта', 650.00, '2026-02-05T07:27:00'),
(99, 118, N'Наличные', 650.00, '2026-02-05T08:47:00'),
(100, 119, N'Наличные', 650.00, '2026-02-05T07:47:00'),
(101, 120, N'Карта', 650.00, '2026-02-05T08:32:00'),
(102, 121, N'Наличные', 650.00, '2026-02-05T08:30:00'),
(103, 122, N'Наличные', 650.00, '2026-02-05T07:58:00'),
(104, 123, N'Наличные', 650.00, '2026-02-05T08:36:00'),
(105, 124, N'Наличные', 650.00, '2026-02-05T08:53:00'),
(106, 125, N'Карта', 650.00, '2026-02-05T08:59:00'),
(107, 129, N'Наличные', 650.00, '2026-02-05T12:35:00'),
(108, 130, N'Наличные', 650.00, '2026-02-05T11:00:00'),
(109, 131, N'Карта', 650.00, '2026-02-05T12:12:00'),
(110, 132, N'Карта', 650.00, '2026-02-05T11:46:00'),
(111, 133, N'Карта', 650.00, '2026-02-05T10:14:00'),
(112, 134, N'Наличные', 650.00, '2026-02-05T10:57:00'),
(113, 135, N'Карта', 650.00, '2026-02-05T10:25:00'),
(114, 136, N'Карта', 650.00, '2026-02-05T11:52:00'),
(115, 137, N'Карта', 650.00, '2026-02-05T12:03:00'),
(116, 138, N'Карта', 650.00, '2026-02-05T12:07:00'),
(117, 139, N'Карта', 650.00, '2026-02-05T11:30:00'),
(118, 140, N'Карта', 650.00, '2026-02-05T10:48:00'),
(119, 141, N'Карта', 650.00, '2026-02-05T11:01:00'),
(120, 142, N'Карта', 650.00, '2026-02-05T11:34:00'),
(121, 145, N'Карта', 650.00, '2026-02-05T14:47:00'),
(122, 146, N'Наличные', 650.00, '2026-02-05T15:05:00'),
(123, 147, N'Карта', 650.00, '2026-02-05T14:39:00'),
(124, 148, N'Наличные', 650.00, '2026-02-05T15:23:00'),
(125, 149, N'Карта', 650.00, '2026-02-05T14:21:00'),
(126, 150, N'Наличные', 650.00, '2026-02-05T13:41:00'),
(127, 151, N'Карта', 650.00, '2026-02-05T13:50:00'),
(128, 152, N'Наличные', 650.00, '2026-02-05T15:20:00'),
(129, 153, N'Карта', 650.00, '2026-02-05T13:59:00'),
(130, 154, N'Наличные', 650.00, '2026-02-05T13:09:00'),
(131, 155, N'Наличные', 650.00, '2026-02-05T14:57:00'),
(132, 156, N'Наличные', 650.00, '2026-02-05T13:50:00'),
(133, 157, N'Наличные', 650.00, '2026-02-05T15:09:00'),
(134, 158, N'Карта', 650.00, '2026-02-05T15:19:00'),
(135, 161, N'Наличные', 650.00, '2026-02-05T17:14:00'),
(136, 162, N'Наличные', 650.00, '2026-02-05T16:13:00'),
(137, 163, N'Наличные', 650.00, '2026-02-05T17:21:00'),
(138, 164, N'Наличные', 650.00, '2026-02-05T16:48:00'),
(139, 165, N'Наличные', 650.00, '2026-02-05T16:18:00'),
(140, 166, N'Наличные', 650.00, '2026-02-05T18:37:00'),
(141, 167, N'Карта', 650.00, '2026-02-05T17:10:00'),
(142, 168, N'Наличные', 650.00, '2026-02-05T16:34:00'),
(143, 169, N'Наличные', 650.00, '2026-02-05T16:27:00'),
(144, 170, N'Карта', 650.00, '2026-02-05T16:58:00'),
(145, 171, N'Наличные', 650.00, '2026-02-05T17:16:00'),
(146, 172, N'Наличные', 650.00, '2026-02-05T17:28:00'),
(147, 173, N'Наличные', 650.00, '2026-02-05T17:44:00'),
(148, 174, N'Карта', 650.00, '2026-02-05T16:51:00'),
(149, 177, N'Карта', 650.00, '2026-02-05T19:37:00'),
(150, 178, N'Наличные', 650.00, '2026-02-05T19:44:00'),
(151, 179, N'Карта', 650.00, '2026-02-05T19:23:00'),
(152, 180, N'Наличные', 650.00, '2026-02-05T19:17:00'),
(153, 181, N'Наличные', 650.00, '2026-02-05T19:48:00'),
(154, 182, N'Карта', 650.00, '2026-02-05T21:20:00'),
(155, 183, N'Наличные', 650.00, '2026-02-05T19:18:00'),
(156, 184, N'Карта', 650.00, '2026-02-05T20:40:00'),
(157, 185, N'Наличные', 650.00, '2026-02-05T19:10:00'),
(158, 186, N'Наличные', 650.00, '2026-02-05T19:09:00'),
(159, 187, N'Наличные', 650.00, '2026-02-05T19:05:00'),
(160, 188, N'Карта', 650.00, '2026-02-05T19:05:00'),
(161, 189, N'Наличные', 650.00, '2026-02-05T19:15:00'),
(162, 190, N'Наличные', 650.00, '2026-02-05T20:20:00'),
(163, 193, N'Наличные', 350.00, '2026-02-06T10:16:00'),
(164, 194, N'Наличные', 350.00, '2026-02-06T08:46:00'),
(165, 195, N'Карта', 350.00, '2026-02-06T09:51:00'),
(166, 196, N'Карта', 350.00, '2026-02-06T07:36:00'),
(167, 197, N'Наличные', 350.00, '2026-02-06T08:55:00'),
(168, 198, N'Наличные', 350.00, '2026-02-06T10:09:00'),
(169, 199, N'Карта', 350.00, '2026-02-06T09:17:00'),
(170, 200, N'Наличные', 350.00, '2026-02-06T08:02:00'),
(171, 201, N'Карта', 350.00, '2026-02-06T08:32:00'),
(172, 202, N'Карта', 350.00, '2026-02-06T09:05:00'),
(173, 203, N'Карта', 350.00, '2026-02-06T08:23:00'),
(174, 204, N'Наличные', 350.00, '2026-02-06T07:52:00'),
(175, 208, N'Карта', 350.00, '2026-02-06T12:38:00'),
(176, 209, N'Наличные', 350.00, '2026-02-06T10:55:00'),
(177, 210, N'Карта', 350.00, '2026-02-06T12:43:00'),
(178, 211, N'Карта', 350.00, '2026-02-06T13:11:00'),
(179, 212, N'Карта', 350.00, '2026-02-06T11:25:00'),
(180, 213, N'Карта', 350.00, '2026-02-06T11:46:00'),
(181, 214, N'Карта', 350.00, '2026-02-06T10:42:00'),
(182, 215, N'Карта', 350.00, '2026-02-06T13:11:00'),
(183, 216, N'Наличные', 350.00, '2026-02-06T12:51:00'),
(184, 217, N'Карта', 350.00, '2026-02-06T11:50:00'),
(185, 218, N'Наличные', 350.00, '2026-02-06T10:38:00'),
(186, 219, N'Наличные', 350.00, '2026-02-06T11:16:00'),
(187, 222, N'Карта', 350.00, '2026-02-06T15:55:00'),
(188, 223, N'Наличные', 350.00, '2026-02-06T15:49:00'),
(189, 224, N'Наличные', 350.00, '2026-02-06T13:42:00'),
(190, 225, N'Карта', 350.00, '2026-02-06T14:27:00'),
(191, 226, N'Карта', 350.00, '2026-02-06T14:50:00'),
(192, 227, N'Наличные', 350.00, '2026-02-06T15:35:00'),
(193, 228, N'Наличные', 350.00, '2026-02-06T13:50:00'),
(194, 229, N'Карта', 350.00, '2026-02-06T13:51:00'),
(195, 230, N'Наличные', 350.00, '2026-02-06T13:36:00'),
(196, 231, N'Наличные', 350.00, '2026-02-06T14:57:00'),
(197, 232, N'Наличные', 350.00, '2026-02-06T15:36:00'),
(198, 233, N'Карта', 350.00, '2026-02-06T15:54:00'),
(199, 236, N'Наличные', 350.00, '2026-02-06T17:28:00'),
(200, 237, N'Наличные', 350.00, '2026-02-06T17:44:00'),
(201, 238, N'Наличные', 350.00, '2026-02-06T16:57:00'),
(202, 239, N'Карта', 350.00, '2026-02-06T16:38:00'),
(203, 240, N'Карта', 350.00, '2026-02-06T18:21:00'),
(204, 241, N'Карта', 350.00, '2026-02-06T18:48:00'),
(205, 242, N'Карта', 350.00, '2026-02-06T18:33:00'),
(206, 243, N'Наличные', 350.00, '2026-02-06T17:04:00'),
(207, 244, N'Карта', 350.00, '2026-02-06T17:27:00'),
(208, 245, N'Наличные', 350.00, '2026-02-06T16:53:00'),
(209, 246, N'Карта', 350.00, '2026-02-06T18:03:00'),
(210, 247, N'Наличные', 350.00, '2026-02-06T18:33:00'),
(211, 250, N'Наличные', 350.00, '2026-02-06T20:44:00'),
(212, 251, N'Наличные', 350.00, '2026-02-06T21:37:00'),
(213, 252, N'Карта', 350.00, '2026-02-06T21:59:00'),
(214, 253, N'Наличные', 350.00, '2026-02-06T19:52:00'),
(215, 254, N'Наличные', 350.00, '2026-02-06T22:01:00'),
(216, 255, N'Карта', 350.00, '2026-02-06T21:06:00'),
(217, 256, N'Наличные', 350.00, '2026-02-06T20:59:00'),
(218, 257, N'Наличные', 350.00, '2026-02-06T20:38:00'),
(219, 258, N'Наличные', 350.00, '2026-02-06T19:41:00'),
(220, 259, N'Карта', 350.00, '2026-02-06T20:21:00'),
(221, 260, N'Карта', 350.00, '2026-02-06T20:03:00'),
(222, 261, N'Карта', 350.00, '2026-02-06T20:52:00'),
(223, 264, N'Наличные', 550.00, '2026-02-06T09:38:00'),
(224, 265, N'Карта', 550.00, '2026-02-06T10:26:00'),
(225, 266, N'Карта', 550.00, '2026-02-06T10:12:00'),
(226, 267, N'Карта', 550.00, '2026-02-06T09:25:00'),
(227, 268, N'Наличные', 550.00, '2026-02-06T08:31:00'),
(228, 269, N'Карта', 550.00, '2026-02-06T10:00:00'),
(229, 270, N'Карта', 550.00, '2026-02-06T09:54:00'),
(230, 271, N'Карта', 550.00, '2026-02-06T09:34:00'),
(231, 275, N'Наличные', 550.00, '2026-02-06T12:25:00'),
(232, 276, N'Наличные', 550.00, '2026-02-06T11:49:00'),
(233, 277, N'Карта', 550.00, '2026-02-06T13:09:00'),
(234, 278, N'Наличные', 550.00, '2026-02-06T13:33:00'),
(235, 279, N'Карта', 550.00, '2026-02-06T11:33:00'),
(236, 280, N'Наличные', 550.00, '2026-02-06T12:40:00'),
(237, 281, N'Карта', 550.00, '2026-02-06T13:25:00'),
(238, 282, N'Карта', 550.00, '2026-02-06T12:01:00'),
(239, 285, N'Наличные', 550.00, '2026-02-06T14:50:00'),
(240, 286, N'Наличные', 550.00, '2026-02-06T16:40:00'),
(241, 287, N'Наличные', 550.00, '2026-02-06T16:16:00'),
(242, 288, N'Карта', 550.00, '2026-02-06T16:35:00'),
(243, 289, N'Карта', 550.00, '2026-02-06T16:32:00'),
(244, 290, N'Карта', 550.00, '2026-02-06T14:32:00'),
(245, 291, N'Наличные', 550.00, '2026-02-06T16:44:00'),
(246, 292, N'Карта', 550.00, '2026-02-06T16:02:00'),
(247, 295, N'Наличные', 550.00, '2026-02-06T17:15:00'),
(248, 296, N'Наличные', 550.00, '2026-02-06T17:24:00'),
(249, 297, N'Карта', 550.00, '2026-02-06T17:41:00'),
(250, 298, N'Наличные', 550.00, '2026-02-06T19:35:00'),
(251, 299, N'Наличные', 550.00, '2026-02-06T19:35:00'),
(252, 300, N'Наличные', 550.00, '2026-02-06T17:26:00'),
(253, 301, N'Наличные', 550.00, '2026-02-06T18:28:00'),
(254, 302, N'Карта', 550.00, '2026-02-06T18:37:00'),
(255, 305, N'Наличные', 650.00, '2026-02-06T08:32:00'),
(256, 306, N'Наличные', 650.00, '2026-02-06T09:04:00'),
(257, 307, N'Наличные', 650.00, '2026-02-06T08:15:00'),
(258, 308, N'Наличные', 650.00, '2026-02-06T09:27:00'),
(259, 309, N'Карта', 650.00, '2026-02-06T09:43:00'),
(260, 310, N'Карта', 650.00, '2026-02-06T09:34:00'),
(261, 311, N'Наличные', 650.00, '2026-02-06T08:18:00'),
(262, 312, N'Наличные', 650.00, '2026-02-06T07:51:00'),
(263, 313, N'Карта', 650.00, '2026-02-06T07:23:00'),
(264, 314, N'Наличные', 650.00, '2026-02-06T08:24:00'),
(265, 315, N'Наличные', 650.00, '2026-02-06T09:02:00'),
(266, 316, N'Наличные', 650.00, '2026-02-06T08:41:00'),
(267, 317, N'Карта', 650.00, '2026-02-06T07:37:00'),
(268, 318, N'Карта', 650.00, '2026-02-06T07:53:00'),
(269, 321, N'Карта', 650.00, '2026-02-06T10:29:00'),
(270, 322, N'Наличные', 650.00, '2026-02-06T11:29:00'),
(271, 323, N'Карта', 650.00, '2026-02-06T10:59:00'),
(272, 324, N'Наличные', 650.00, '2026-02-06T10:54:00'),
(273, 325, N'Карта', 650.00, '2026-02-06T10:22:00'),
(274, 326, N'Карта', 650.00, '2026-02-06T12:14:00'),
(275, 327, N'Карта', 650.00, '2026-02-06T11:24:00'),
(276, 328, N'Наличные', 650.00, '2026-02-06T12:24:00'),
(277, 329, N'Наличные', 650.00, '2026-02-06T12:18:00'),
(278, 330, N'Карта', 650.00, '2026-02-06T10:42:00'),
(279, 331, N'Наличные', 650.00, '2026-02-06T12:07:00'),
(280, 332, N'Карта', 650.00, '2026-02-06T12:30:00'),
(281, 333, N'Наличные', 650.00, '2026-02-06T10:24:00'),
(282, 334, N'Наличные', 650.00, '2026-02-06T10:38:00'),
(283, 338, N'Карта', 650.00, '2026-02-06T14:27:00'),
(284, 339, N'Карта', 650.00, '2026-02-06T13:48:00'),
(285, 340, N'Наличные', 650.00, '2026-02-06T14:36:00'),
(286, 341, N'Наличные', 650.00, '2026-02-06T15:10:00'),
(287, 342, N'Карта', 650.00, '2026-02-06T15:00:00'),
(288, 343, N'Наличные', 650.00, '2026-02-06T13:41:00'),
(289, 344, N'Наличные', 650.00, '2026-02-06T14:04:00'),
(290, 345, N'Карта', 650.00, '2026-02-06T15:33:00'),
(291, 346, N'Карта', 650.00, '2026-02-06T14:29:00'),
(292, 347, N'Наличные', 650.00, '2026-02-06T14:40:00'),
(293, 348, N'Карта', 650.00, '2026-02-06T14:08:00'),
(294, 349, N'Наличные', 650.00, '2026-02-06T14:10:00'),
(295, 350, N'Наличные', 650.00, '2026-02-06T13:30:00'),
(296, 351, N'Карта', 650.00, '2026-02-06T15:15:00'),
(297, 354, N'Наличные', 650.00, '2026-02-06T18:09:00'),
(298, 355, N'Наличные', 650.00, '2026-02-06T16:18:00'),
(299, 356, N'Наличные', 650.00, '2026-02-06T16:24:00'),
(300, 357, N'Карта', 650.00, '2026-02-06T17:23:00'),
(301, 358, N'Наличные', 650.00, '2026-02-06T18:39:00'),
(302, 359, N'Наличные', 650.00, '2026-02-06T18:30:00'),
(303, 360, N'Карта', 650.00, '2026-02-06T18:04:00'),
(304, 361, N'Карта', 650.00, '2026-02-06T18:00:00'),
(305, 362, N'Наличные', 650.00, '2026-02-06T18:06:00'),
(306, 363, N'Карта', 650.00, '2026-02-06T18:34:00'),
(307, 364, N'Наличные', 650.00, '2026-02-06T16:44:00'),
(308, 365, N'Наличные', 650.00, '2026-02-06T16:33:00'),
(309, 366, N'Наличные', 650.00, '2026-02-06T16:08:00'),
(310, 367, N'Наличные', 650.00, '2026-02-06T16:22:00'),
(311, 370, N'Карта', 650.00, '2026-02-06T19:42:00'),
(312, 371, N'Наличные', 650.00, '2026-02-06T19:20:00'),
(313, 372, N'Карта', 650.00, '2026-02-06T20:47:00'),
(314, 373, N'Карта', 650.00, '2026-02-06T21:34:00'),
(315, 374, N'Карта', 650.00, '2026-02-06T21:16:00'),
(316, 375, N'Наличные', 650.00, '2026-02-06T20:04:00'),
(317, 376, N'Наличные', 650.00, '2026-02-06T20:32:00'),
(318, 377, N'Карта', 650.00, '2026-02-06T21:27:00'),
(319, 378, N'Наличные', 650.00, '2026-02-06T20:59:00'),
(320, 379, N'Карта', 650.00, '2026-02-06T19:39:00'),
(321, 380, N'Карта', 650.00, '2026-02-06T20:30:00'),
(322, 381, N'Наличные', 650.00, '2026-02-06T19:24:00'),
(323, 382, N'Карта', 650.00, '2026-02-06T20:33:00'),
(324, 383, N'Наличные', 650.00, '2026-02-06T19:46:00'),
(325, 386, N'Карта', 350.00, '2026-02-07T08:40:00'),
(326, 387, N'Наличные', 350.00, '2026-02-07T08:56:00'),
(327, 388, N'Наличные', 350.00, '2026-02-07T09:08:00'),
(328, 389, N'Наличные', 350.00, '2026-02-07T08:14:00'),
(329, 390, N'Наличные', 350.00, '2026-02-07T09:46:00'),
(330, 391, N'Карта', 350.00, '2026-02-07T09:22:00'),
(331, 392, N'Наличные', 350.00, '2026-02-07T07:42:00'),
(332, 393, N'Карта', 350.00, '2026-02-07T07:57:00'),
(333, 394, N'Наличные', 350.00, '2026-02-07T08:05:00'),
(334, 395, N'Карта', 350.00, '2026-02-07T09:52:00'),
(335, 396, N'Карта', 350.00, '2026-02-07T07:47:00'),
(336, 397, N'Карта', 350.00, '2026-02-07T09:51:00'),
(337, 400, N'Наличные', 350.00, '2026-02-07T11:24:00'),
(338, 401, N'Наличные', 350.00, '2026-02-07T12:54:00'),
(339, 402, N'Карта', 350.00, '2026-02-07T12:31:00'),
(340, 403, N'Наличные', 350.00, '2026-02-07T11:23:00'),
(341, 404, N'Карта', 350.00, '2026-02-07T11:44:00'),
(342, 405, N'Карта', 350.00, '2026-02-07T10:59:00'),
(343, 406, N'Наличные', 350.00, '2026-02-07T12:03:00'),
(344, 407, N'Карта', 350.00, '2026-02-07T12:20:00'),
(345, 408, N'Карта', 350.00, '2026-02-07T12:02:00'),
(346, 409, N'Карта', 350.00, '2026-02-07T10:37:00'),
(347, 410, N'Карта', 350.00, '2026-02-07T12:53:00'),
(348, 411, N'Карта', 350.00, '2026-02-07T12:15:00'),
(349, 415, N'Наличные', 350.00, '2026-02-07T13:39:00'),
(350, 416, N'Наличные', 350.00, '2026-02-07T14:51:00'),
(351, 417, N'Карта', 350.00, '2026-02-07T14:31:00'),
(352, 418, N'Наличные', 350.00, '2026-02-07T13:57:00'),
(353, 419, N'Наличные', 350.00, '2026-02-07T15:35:00'),
(354, 420, N'Карта', 350.00, '2026-02-07T14:31:00'),
(355, 421, N'Наличные', 350.00, '2026-02-07T15:20:00'),
(356, 422, N'Карта', 350.00, '2026-02-07T15:48:00'),
(357, 423, N'Карта', 350.00, '2026-02-07T13:38:00'),
(358, 424, N'Карта', 350.00, '2026-02-07T14:14:00'),
(359, 425, N'Карта', 350.00, '2026-02-07T15:18:00'),
(360, 426, N'Карта', 350.00, '2026-02-07T15:15:00'),
(361, 429, N'Карта', 350.00, '2026-02-07T19:02:00'),
(362, 430, N'Наличные', 350.00, '2026-02-07T16:54:00'),
(363, 431, N'Карта', 350.00, '2026-02-07T17:53:00'),
(364, 432, N'Наличные', 350.00, '2026-02-07T17:08:00'),
(365, 433, N'Наличные', 350.00, '2026-02-07T17:08:00'),
(366, 434, N'Карта', 350.00, '2026-02-07T18:36:00'),
(367, 435, N'Карта', 350.00, '2026-02-07T17:01:00'),
(368, 436, N'Карта', 350.00, '2026-02-07T19:05:00'),
(369, 437, N'Карта', 350.00, '2026-02-07T18:54:00'),
(370, 438, N'Карта', 350.00, '2026-02-07T17:45:00'),
(371, 439, N'Карта', 350.00, '2026-02-07T17:07:00'),
(372, 440, N'Карта', 350.00, '2026-02-07T19:16:00'),
(373, 443, N'Наличные', 350.00, '2026-02-07T20:37:00'),
(374, 444, N'Карта', 350.00, '2026-02-07T20:55:00'),
(375, 445, N'Наличные', 350.00, '2026-02-07T20:42:00'),
(376, 446, N'Карта', 350.00, '2026-02-07T22:10:00'),
(377, 447, N'Карта', 350.00, '2026-02-07T20:55:00'),
(378, 448, N'Наличные', 350.00, '2026-02-07T21:21:00'),
(379, 449, N'Карта', 350.00, '2026-02-07T21:02:00'),
(380, 450, N'Карта', 350.00, '2026-02-07T21:24:00'),
(381, 451, N'Карта', 350.00, '2026-02-07T21:39:00'),
(382, 452, N'Карта', 350.00, '2026-02-07T20:34:00'),
(383, 453, N'Карта', 350.00, '2026-02-07T22:04:00'),
(384, 454, N'Наличные', 350.00, '2026-02-07T20:49:00'),
(385, 457, N'Наличные', 550.00, '2026-02-07T10:07:00'),
(386, 458, N'Карта', 550.00, '2026-02-07T10:22:00'),
(387, 459, N'Карта', 550.00, '2026-02-07T09:34:00'),
(388, 460, N'Наличные', 550.00, '2026-02-07T08:59:00'),
(389, 461, N'Карта', 550.00, '2026-02-07T10:16:00'),
(390, 462, N'Наличные', 550.00, '2026-02-07T08:15:00'),
(391, 463, N'Наличные', 550.00, '2026-02-07T08:57:00'),
(392, 464, N'Карта', 550.00, '2026-02-07T08:21:00'),
(393, 467, N'Карта', 550.00, '2026-02-07T11:16:00'),
(394, 468, N'Карта', 550.00, '2026-02-07T12:30:00'),
(395, 469, N'Наличные', 550.00, '2026-02-07T12:22:00'),
(396, 470, N'Наличные', 550.00, '2026-02-07T12:34:00'),
(397, 471, N'Наличные', 550.00, '2026-02-07T11:41:00'),
(398, 472, N'Наличные', 550.00, '2026-02-07T12:36:00'),
(399, 473, N'Наличные', 550.00, '2026-02-07T12:11:00'),
(400, 474, N'Карта', 550.00, '2026-02-07T11:26:00'),
(401, 478, N'Наличные', 550.00, '2026-02-07T14:56:00'),
(402, 479, N'Карта', 550.00, '2026-02-07T14:27:00'),
(403, 480, N'Карта', 550.00, '2026-02-07T16:19:00'),
(404, 481, N'Наличные', 550.00, '2026-02-07T14:22:00'),
(405, 482, N'Карта', 550.00, '2026-02-07T16:43:00'),
(406, 483, N'Наличные', 550.00, '2026-02-07T14:53:00'),
(407, 484, N'Карта', 550.00, '2026-02-07T15:20:00'),
(408, 485, N'Карта', 550.00, '2026-02-07T14:56:00'),
(409, 488, N'Наличные', 550.00, '2026-02-07T19:37:00'),
(410, 489, N'Карта', 550.00, '2026-02-07T18:47:00'),
(411, 490, N'Наличные', 550.00, '2026-02-07T17:25:00'),
(412, 491, N'Карта', 550.00, '2026-02-07T19:00:00'),
(413, 492, N'Карта', 550.00, '2026-02-07T17:11:00'),
(414, 493, N'Карта', 550.00, '2026-02-07T18:05:00'),
(415, 494, N'Карта', 550.00, '2026-02-07T19:33:00'),
(416, 495, N'Карта', 550.00, '2026-02-07T18:25:00'),
(417, 498, N'Карта', 650.00, '2026-02-07T08:25:00'),
(418, 499, N'Наличные', 650.00, '2026-02-07T07:37:00'),
(419, 500, N'Наличные', 650.00, '2026-02-07T07:20:00'),
(420, 501, N'Карта', 650.00, '2026-02-07T07:32:00'),
(421, 502, N'Карта', 650.00, '2026-02-07T08:30:00'),
(422, 503, N'Карта', 650.00, '2026-02-07T07:08:00'),
(423, 504, N'Карта', 650.00, '2026-02-07T09:13:00'),
(424, 505, N'Наличные', 650.00, '2026-02-07T08:03:00'),
(425, 506, N'Карта', 650.00, '2026-02-07T07:37:00'),
(426, 507, N'Наличные', 650.00, '2026-02-07T08:45:00'),
(427, 508, N'Наличные', 650.00, '2026-02-07T07:26:00'),
(428, 509, N'Наличные', 650.00, '2026-02-07T07:25:00'),
(429, 510, N'Карта', 650.00, '2026-02-07T07:19:00'),
(430, 511, N'Карта', 650.00, '2026-02-07T07:30:00'),
(431, 514, N'Наличные', 650.00, '2026-02-07T12:34:00'),
(432, 515, N'Наличные', 650.00, '2026-02-07T11:23:00'),
(433, 516, N'Карта', 650.00, '2026-02-07T10:32:00'),
(434, 517, N'Наличные', 650.00, '2026-02-07T12:28:00'),
(435, 518, N'Карта', 650.00, '2026-02-07T11:43:00'),
(436, 519, N'Карта', 650.00, '2026-02-07T10:45:00'),
(437, 520, N'Наличные', 650.00, '2026-02-07T10:07:00'),
(438, 521, N'Наличные', 650.00, '2026-02-07T12:26:00'),
(439, 522, N'Наличные', 650.00, '2026-02-07T11:14:00'),
(440, 523, N'Наличные', 650.00, '2026-02-07T12:23:00'),
(441, 524, N'Наличные', 650.00, '2026-02-07T11:49:00'),
(442, 525, N'Наличные', 650.00, '2026-02-07T11:24:00'),
(443, 526, N'Наличные', 650.00, '2026-02-07T10:22:00'),
(444, 527, N'Карта', 650.00, '2026-02-07T12:37:00'),
(445, 530, N'Карта', 650.00, '2026-02-07T13:53:00'),
(446, 531, N'Карта', 650.00, '2026-02-07T13:41:00'),
(447, 532, N'Наличные', 650.00, '2026-02-07T13:29:00'),
(448, 533, N'Наличные', 650.00, '2026-02-07T15:13:00'),
(449, 534, N'Наличные', 650.00, '2026-02-07T14:44:00'),
(450, 535, N'Наличные', 650.00, '2026-02-07T15:20:00'),
(451, 536, N'Карта', 650.00, '2026-02-07T14:06:00'),
(452, 537, N'Карта', 650.00, '2026-02-07T13:12:00'),
(453, 538, N'Карта', 650.00, '2026-02-07T13:07:00'),
(454, 539, N'Карта', 650.00, '2026-02-07T14:47:00'),
(455, 540, N'Наличные', 650.00, '2026-02-07T13:16:00'),
(456, 541, N'Карта', 650.00, '2026-02-07T15:10:00'),
(457, 542, N'Наличные', 650.00, '2026-02-07T14:38:00'),
(458, 543, N'Карта', 650.00, '2026-02-07T14:55:00'),
(459, 547, N'Наличные', 650.00, '2026-02-07T18:41:00'),
(460, 548, N'Наличные', 650.00, '2026-02-07T17:08:00'),
(461, 549, N'Наличные', 650.00, '2026-02-07T16:54:00'),
(462, 550, N'Карта', 650.00, '2026-02-07T17:34:00'),
(463, 551, N'Наличные', 650.00, '2026-02-07T18:08:00'),
(464, 552, N'Наличные', 650.00, '2026-02-07T17:25:00'),
(465, 553, N'Наличные', 650.00, '2026-02-07T18:20:00'),
(466, 554, N'Карта', 650.00, '2026-02-07T17:23:00'),
(467, 555, N'Карта', 650.00, '2026-02-07T18:46:00'),
(468, 556, N'Наличные', 650.00, '2026-02-07T18:01:00'),
(469, 557, N'Карта', 650.00, '2026-02-07T18:16:00'),
(470, 558, N'Карта', 650.00, '2026-02-07T16:31:00'),
(471, 559, N'Наличные', 650.00, '2026-02-07T16:42:00'),
(472, 560, N'Карта', 650.00, '2026-02-07T16:39:00'),
(473, 563, N'Наличные', 650.00, '2026-02-07T20:21:00'),
(474, 564, N'Карта', 650.00, '2026-02-07T21:13:00'),
(475, 565, N'Карта', 650.00, '2026-02-07T20:06:00'),
(476, 566, N'Карта', 650.00, '2026-02-07T20:26:00'),
(477, 567, N'Карта', 650.00, '2026-02-07T20:11:00'),
(478, 568, N'Карта', 650.00, '2026-02-07T19:09:00'),
(479, 569, N'Карта', 650.00, '2026-02-07T20:53:00'),
(480, 570, N'Карта', 650.00, '2026-02-07T21:43:00'),
(481, 571, N'Карта', 650.00, '2026-02-07T20:22:00'),
(482, 572, N'Карта', 650.00, '2026-02-07T21:23:00'),
(483, 573, N'Карта', 650.00, '2026-02-07T19:38:00'),
(484, 574, N'Карта', 650.00, '2026-02-07T21:21:00'),
(485, 575, N'Наличные', 650.00, '2026-02-07T20:07:00'),
(486, 576, N'Карта', 650.00, '2026-02-07T19:38:00');
SET IDENTITY_INSERT [dbo].[Payments] OFF;

COMMIT;
PRINT 'Seed completed OK';
GO